time;Temperature;Humidity;PM25;PM10;CO2;
2021-11-23 12:35:00;-;-;4.00;5.00;-;
2021-11-23 12:30:00;23.44;48.05;5.30;6.30;594.54;
2021-11-23 12:25:00;23.37;47.99;4.00;5.00;581.15;
2021-11-23 12:20:00;23.33;48.16;4.30;5.30;570.87;
2021-11-23 12:15:00;23.30;48.13;4.20;5.20;550.42;
2021-11-23 12:10:00;23.23;48.22;5.20;6.20;545.65;
2021-11-23 12:05:00;23.21;48.41;4.50;5.50;545.33;
2021-11-23 12:00:00;23.17;48.65;3.60;4.60;514.59;
2021-11-23 11:55:00;23.13;48.90;3.70;4.70;514.88;
2021-11-23 11:50:00;23.10;49.05;3.50;4.50;506.85;
2021-11-23 11:45:00;23.09;49.48;3.70;4.70;511.14;
2021-11-23 11:40:00;23.04;49.67;3.30;4.30;531.94;
2021-11-23 11:35:00;23.01;49.59;3.40;4.40;508.52;
2021-11-23 11:30:00;22.95;49.89;2.80;3.80;506.52;
2021-11-23 11:25:00;22.91;49.79;2.70;3.70;472.55;
2021-11-23 11:20:00;22.89;50.11;3.00;4.00;472.23;
2021-11-23 11:15:00;22.87;50.44;2.40;3.40;470.94;
2021-11-23 11:10:00;22.84;50.26;2.70;3.70;469.34;
2021-11-23 11:05:00;22.87;50.29;2.50;3.50;488.24;
2021-11-23 11:00:00;22.82;51.27;3.10;4.10;498.87;
2021-11-23 10:55:00;22.79;51.55;2.90;3.90;487.59;
2021-11-23 10:50:00;22.75;51.69;3.90;4.90;470.73;
2021-11-23 10:45:00;22.73;51.70;2.80;3.80;460.81;
2021-11-23 10:40:00;22.66;52.05;2.80;3.80;457.51;
2021-11-23 10:35:00;22.61;52.34;3.40;4.40;444.97;
2021-11-23 10:30:00;22.52;52.41;2.80;3.80;430.44;
2021-11-23 10:25:00;22.46;52.36;2.90;3.90;427.05;
2021-11-23 10:20:00;22.42;52.58;2.50;3.50;418.11;
2021-11-23 10:15:00;22.36;52.80;2.60;3.60;414.06;
2021-11-23 10:10:00;22.29;53.13;2.30;3.30;411.44;
2021-11-23 10:05:00;22.17;53.53;2.56;3.56;389.67;
2021-11-23 10:00:00;22.13;53.47;2.30;3.30;383.73;
2021-11-23 09:55:00;22.06;53.74;1.40;2.40;364.44;
2021-11-23 09:50:00;21.96;54.05;1.30;2.30;352.69;
2021-11-23 09:45:00;21.91;54.58;1.20;2.20;322.76;
2021-11-23 09:40:00;-;-;1.00;2.00;-;
2021-11-22 11:55:00;22.97;55.91;7.25;8.25;737.43;
2021-11-22 11:50:00;22.95;55.88;7.00;8.00;718.22;
2021-11-22 11:45:00;22.89;55.74;7.13;8.13;663.77;
2021-11-22 11:40:00;22.89;55.77;6.25;7.25;690.92;
2021-11-22 11:35:00;22.86;56.31;5.43;6.43;712.42;
2021-11-22 11:30:00;22.79;56.50;5.43;6.43;652.65;
2021-11-22 11:25:00;22.77;56.39;5.00;6.00;667.95;
2021-11-22 11:20:00;22.69;56.62;3.14;4.14;681.75;
2021-11-22 11:15:00;22.63;56.59;3.00;4.00;650.50;
2021-11-22 11:10:00;22.56;56.73;2.50;3.50;645.35;
2021-11-22 11:05:00;22.47;56.70;2.00;3.00;635.21;
2021-11-22 11:00:00;22.40;56.99;1.13;2.13;619.32;
2021-11-22 10:55:00;22.34;57.14;1.43;2.43;623.74;
2021-11-22 10:50:00;22.25;56.95;1.00;2.00;594.42;
2021-11-22 10:45:00;22.20;57.17;1.38;2.38;571.03;
2021-11-22 10:40:00;22.11;57.44;1.43;2.43;559.27;
2021-11-22 10:35:00;22.05;57.91;1.00;2.00;596.74;
2021-11-22 10:30:00;21.96;58.24;1.00;2.00;614.52;
2021-11-22 10:25:00;21.91;58.33;1.14;2.14;601.48;
2021-11-22 10:20:00;21.85;58.44;1.13;2.13;591.58;
2021-11-22 10:15:00;21.77;58.51;1.13;2.13;584.76;
2021-11-22 10:10:00;21.67;58.77;1.14;2.14;585.96;
2021-11-22 10:05:00;21.57;59.19;0.88;1.88;570.30;
2021-11-22 10:00:00;21.47;59.08;1.13;2.13;545.33;
2021-11-22 09:55:00;21.37;59.15;1.00;2.00;512.42;
2021-11-22 09:50:00;21.29;59.33;0.88;1.88;486.62;
2021-11-22 09:45:00;21.15;59.51;1.13;2.13;460.61;
2021-11-22 09:40:00;21.06;59.64;1.14;2.14;437.45;
2021-11-22 09:35:00;20.96;59.49;1.38;2.38;405.44;
2021-11-22 09:30:00;20.85;59.78;0.88;1.88;404.26;
2021-11-22 09:25:00;20.75;59.83;1.14;2.14;363.78;
2021-11-22 09:20:00;20.70;59.77;1.13;2.13;277.30;
2021-11-22 09:15:00;20.57;59.72;0.86;1.86;228.84;
2021-11-22 09:10:00;20.46;59.61;1.25;2.25;167.71;
2021-11-22 09:05:00;20.32;59.56;0.75;1.75;107.11;
2021-11-22 09:00:00;20.11;59.54;1.00;2.00;77.13;
2021-11-22 08:55:00;20.00;59.75;1.00;2.00;60.01;
2021-11-22 08:50:00;19.85;59.94;1.13;2.13;52.11;
2021-11-22 08:45:00;19.70;60.21;1.00;2.00;45.83;
2021-11-22 08:40:00;19.54;60.32;0.88;1.88;35.35;
2021-11-22 08:35:00;19.41;60.38;1.13;2.13;30.81;
2021-11-22 08:30:00;19.33;60.25;1.00;2.00;24.19;
2021-11-22 08:25:00;19.26;59.89;1.00;2.00;0;
2021-11-22 08:20:00;19.27;59.47;1.00;2.00;0;
2021-11-22 08:15:00;19.26;59.61;0.86;1.86;0;
2021-11-22 08:10:00;19.23;59.61;1.13;2.13;0;
2021-11-22 08:05:00;19.29;59.58;1.13;2.13;0;
2021-11-22 08:00:00;19.27;59.61;1.00;2.00;0;
2021-11-22 07:55:00;19.27;59.59;1.00;2.00;0;
2021-11-22 07:50:00;19.27;59.64;1.14;2.14;0;
2021-11-22 07:45:00;19.29;59.61;1.00;2.00;0;
2021-11-22 07:40:00;19.29;59.68;1.00;2.00;0;
2021-11-22 07:35:00;19.30;59.61;1.14;2.14;0;
2021-11-22 07:30:00;19.30;59.64;1.00;2.00;0;
2021-11-22 07:25:00;19.31;59.67;1.00;2.00;0;
2021-11-22 07:20:00;19.31;59.63;1.00;2.00;0;
2021-11-22 07:15:00;19.31;59.61;1.00;2.00;0;
2021-11-22 07:10:00;19.33;59.66;1.00;2.00;0;
2021-11-22 07:05:00;19.30;59.67;1.00;2.00;0;
2021-11-22 07:00:00;19.31;59.65;1.00;2.00;0;
2021-11-22 06:55:00;19.33;59.75;1.00;2.00;0;
2021-11-22 06:50:00;19.31;59.72;1.00;2.00;0;
2021-11-22 06:45:00;19.31;59.74;1.00;2.00;0;
2021-11-22 06:40:00;-;-;1.00;2.00;-;
2021-11-22 06:30:00;19.34;59.69;0.75;1.75;0;
2021-11-22 06:25:00;19.33;59.65;1.00;2.00;0;
2021-11-22 06:20:00;19.34;59.71;1.00;2.00;0;
2021-11-22 06:15:00;19.33;59.72;1.13;2.13;0;
2021-11-22 06:10:00;19.37;59.76;1.00;2.00;0;
2021-11-22 06:05:00;19.34;59.75;1.00;2.00;0;
2021-11-22 06:00:00;19.37;59.79;1.00;2.00;0;
2021-11-22 05:55:00;19.35;59.80;1.13;2.13;0;
2021-11-22 05:50:00;19.35;59.80;1.00;2.00;0;
2021-11-22 05:45:00;19.34;59.77;1.00;2.00;0;
2021-11-22 05:40:00;19.35;59.83;1.00;2.00;0;
2021-11-22 05:35:00;19.37;59.77;1.00;2.00;0;
2021-11-22 05:30:00;19.35;59.82;1.00;2.00;0;
2021-11-22 05:25:00;19.35;59.88;1.00;2.00;0;
2021-11-22 05:20:00;19.35;59.82;1.00;2.00;0;
2021-11-22 05:15:00;19.34;59.82;1.13;2.13;0;
2021-11-22 05:10:00;19.39;59.77;1.00;2.00;0;
2021-11-22 05:05:00;19.39;59.78;1.13;2.13;0;
2021-11-22 05:00:00;19.41;59.83;1.13;2.13;0;
2021-11-22 04:55:00;19.39;59.87;1.00;2.00;0;
2021-11-22 04:50:00;19.39;59.82;1.00;2.00;0;
2021-11-22 04:45:00;19.40;59.82;1.17;2.17;0;
2021-11-22 04:40:00;19.43;59.81;1.00;2.00;0;
2021-11-22 04:35:00;19.41;59.85;1.13;2.13;0;
2021-11-22 04:30:00;19.43;59.79;1.00;2.00;0;
2021-11-22 04:25:00;19.41;59.84;1.00;2.00;0;
2021-11-22 04:20:00;19.43;59.82;1.00;2.00;0;
2021-11-22 04:15:00;19.43;59.80;1.13;2.13;0;
2021-11-22 04:10:00;19.43;59.85;1.17;2.17;0;
2021-11-22 04:05:00;19.43;59.82;1.38;2.38;0;
2021-11-22 04:00:00;19.43;59.81;1.00;2.00;0;
2021-11-22 03:55:00;19.45;59.77;1.00;2.00;0;
2021-11-22 03:50:00;19.45;59.78;1.00;2.00;0;
2021-11-22 03:45:00;19.43;59.80;1.14;2.14;0;
2021-11-22 03:40:00;19.45;59.78;1.00;2.00;0;
2021-11-22 03:35:00;19.43;59.71;1.00;2.00;0;
2021-11-22 03:30:00;19.44;59.79;1.00;2.00;0;
2021-11-22 03:25:00;19.45;59.83;1.00;2.00;0;
2021-11-22 03:20:00;19.47;59.75;1.00;2.00;0;
2021-11-22 03:15:00;19.48;59.77;1.00;2.00;0;
2021-11-22 03:10:00;19.47;59.89;1.00;2.00;0;
2021-11-22 03:05:00;19.48;59.80;1.00;2.00;0;
2021-11-22 03:00:00;19.49;59.82;1.00;2.00;0;
2021-11-22 02:55:00;19.47;59.76;1.00;2.00;0;
2021-11-22 02:50:00;19.48;59.82;1.00;2.00;0;
2021-11-22 02:45:00;19.49;59.79;1.14;2.14;0;
2021-11-22 02:40:00;19.49;59.78;1.25;2.25;0;
2021-11-22 02:35:00;19.49;59.81;1.00;2.00;0;
2021-11-22 02:30:00;19.52;59.83;1.00;2.00;0;
2021-11-22 02:25:00;19.52;59.81;1.25;2.25;0;
2021-11-22 02:20:00;19.48;59.81;1.14;2.14;0;
2021-11-22 02:15:00;19.49;59.88;1.13;2.13;0;
2021-11-22 02:10:00;19.49;59.83;1.00;2.00;0;
2021-11-22 02:05:00;19.48;59.91;1.00;2.00;0;
2021-11-22 02:00:00;19.53;59.86;1.25;2.25;0;
2021-11-22 01:55:00;19.52;59.81;1.14;2.14;0;
2021-11-22 01:50:00;19.54;59.85;1.13;2.13;0;
2021-11-22 01:45:00;19.53;59.87;1.13;2.13;0;
2021-11-22 01:40:00;19.54;59.85;1.00;2.00;0;
2021-11-22 01:35:00;19.54;59.85;1.13;2.13;0;
2021-11-22 01:30:00;19.53;59.91;1.00;2.00;0;
2021-11-22 01:25:00;19.53;59.90;1.00;2.00;0;
2021-11-22 01:20:00;19.53;59.96;1.13;2.13;0;
2021-11-22 01:15:00;19.54;59.88;1.00;2.00;0;
2021-11-22 01:10:00;19.56;60.02;1.00;2.00;0;
2021-11-22 01:05:00;19.57;59.95;1.00;2.00;0;
2021-11-22 01:00:00;19.56;59.98;1.00;2.00;0;
2021-11-22 00:55:00;19.54;59.94;1.13;2.13;0;
2021-11-22 00:50:00;19.56;59.91;1.00;2.00;0;
2021-11-22 00:45:00;19.57;59.88;1.00;2.00;0;
2021-11-22 00:40:00;19.56;59.91;1.00;2.00;0;
2021-11-22 00:35:00;19.58;59.92;1.13;2.13;0;
2021-11-22 00:30:00;19.60;59.96;1.00;2.00;0;
2021-11-22 00:25:00;19.56;60.07;1.00;2.00;0;
2021-11-22 00:20:00;19.56;59.98;1.25;2.25;0;
2021-11-22 00:15:00;19.57;59.92;1.00;2.00;0;
2021-11-22 00:10:00;19.57;59.97;1.00;2.00;0;
2021-11-22 00:05:00;19.62;60.04;1.00;2.00;0;
2021-11-22 00:00:00;19.60;59.97;1.14;2.14;0;
2021-11-21 23:55:00;19.61;59.96;1.13;2.13;0;
2021-11-21 23:50:00;19.60;59.96;1.29;2.29;0;
2021-11-21 23:45:00;19.62;60.08;1.13;2.13;0;
2021-11-21 23:40:00;19.61;59.97;1.00;2.00;0;
2021-11-21 23:35:00;19.61;60.05;1.14;2.14;0;
2021-11-21 23:30:00;19.61;60.00;1.00;2.00;0;
2021-11-21 23:25:00;19.61;60.02;1.14;2.14;0;
2021-11-21 23:20:00;19.62;60.00;1.00;2.00;0;
2021-11-21 23:15:00;19.62;59.96;1.00;2.00;0;
2021-11-21 23:10:00;19.63;59.96;1.00;2.00;0;
2021-11-21 23:05:00;19.63;59.97;1.00;2.00;0;
2021-11-21 23:00:00;19.65;60.02;1.29;2.29;0;
2021-11-21 22:55:00;19.62;60.05;1.13;2.13;0;
2021-11-21 22:50:00;19.68;60.08;1.00;2.00;0;
2021-11-21 22:45:00;19.65;59.96;1.00;2.00;0;
2021-11-21 22:40:00;19.65;59.97;1.25;2.25;0;
2021-11-21 22:35:00;19.65;59.94;1.14;2.14;0;
2021-11-21 22:30:00;19.65;59.91;1.25;2.25;0;
2021-11-21 22:25:00;19.66;59.90;1.00;2.00;0;
2021-11-21 22:20:00;19.66;59.92;1.00;2.00;0;
2021-11-21 22:15:00;19.68;59.87;1.25;2.25;0;
2021-11-21 22:10:00;19.66;59.88;1.00;2.00;0;
2021-11-21 22:05:00;19.68;59.89;1.00;2.00;0;
2021-11-21 22:00:00;19.70;59.85;1.17;2.17;0;
2021-11-21 21:55:00;19.68;59.85;1.25;2.25;0;
2021-11-21 21:50:00;19.68;59.89;1.14;2.14;0;
2021-11-21 21:45:00;19.68;59.79;1.00;2.00;0;
2021-11-21 21:40:00;19.71;59.84;1.00;2.00;0;
2021-11-21 21:35:00;19.71;59.84;1.00;2.00;0;
2021-11-21 21:30:00;19.71;59.85;1.14;2.14;0;
2021-11-21 21:25:00;19.70;59.80;1.00;2.00;0;
2021-11-21 21:20:00;19.71;59.78;1.00;2.00;0;
2021-11-21 21:15:00;19.72;59.80;1.00;2.00;0;
2021-11-21 21:10:00;19.72;59.83;1.00;2.00;0;
2021-11-21 21:05:00;19.70;59.80;1.00;2.00;0;
2021-11-21 21:00:00;19.72;59.77;1.00;2.00;0;
2021-11-21 20:55:00;19.72;59.80;1.00;2.00;0;
2021-11-21 20:50:00;19.75;59.82;1.13;2.13;0;
2021-11-21 20:45:00;19.75;59.79;1.17;2.17;0;
2021-11-21 20:40:00;19.76;59.79;1.13;2.13;0;
2021-11-21 20:35:00;19.72;59.71;1.13;2.13;0;
2021-11-21 20:30:00;19.74;59.75;1.00;2.00;0;
2021-11-21 20:25:00;19.75;59.79;1.00;2.00;0;
2021-11-21 20:20:00;19.75;59.75;1.00;2.00;0;
2021-11-21 20:15:00;19.76;59.78;1.13;2.13;0;
2021-11-21 20:10:00;19.76;59.72;1.00;2.00;0;
2021-11-21 20:05:00;19.78;59.82;1.14;2.14;0;
2021-11-21 20:00:00;19.76;59.77;1.00;2.00;0;
2021-11-21 19:55:00;19.79;59.74;1.00;2.00;0;
2021-11-21 19:50:00;19.79;59.72;1.00;2.00;0;
2021-11-21 19:45:00;19.79;59.75;1.00;2.00;0;
2021-11-21 19:40:00;19.78;59.75;1.00;2.00;0;
2021-11-21 19:35:00;19.80;59.70;1.14;2.14;0;
2021-11-21 19:30:00;19.84;59.72;1.00;2.00;0;
2021-11-21 19:25:00;19.79;59.71;1.00;2.00;-;
2021-11-21 19:20:00;19.82;59.72;1.00;2.00;0;
2021-11-21 19:15:00;19.82;59.74;1.00;2.00;0;
2021-11-21 19:10:00;19.82;59.75;1.00;2.00;0;
2021-11-21 19:05:00;19.80;59.73;1.00;2.00;0;
2021-11-21 19:00:00;19.80;59.75;1.00;2.00;0;
2021-11-21 18:55:00;19.84;59.76;1.38;2.38;0;
2021-11-21 18:50:00;19.82;59.82;1.00;2.00;0;
2021-11-21 18:45:00;19.82;59.85;1.00;2.00;0;
2021-11-21 18:40:00;19.82;59.77;1.00;2.00;0;
2021-11-21 18:35:00;19.82;59.80;1.00;2.00;0;
2021-11-21 18:30:00;19.84;59.85;1.00;2.00;0;
2021-11-21 18:25:00;19.84;59.83;1.00;2.00;0;
2021-11-21 18:20:00;19.84;59.89;1.00;2.00;0;
2021-11-21 18:15:00;19.84;59.94;1.14;2.14;0;
2021-11-21 18:10:00;19.84;59.90;1.00;2.00;0;
2021-11-21 18:05:00;19.82;59.93;1.00;2.00;0;
2021-11-21 18:00:00;19.85;60.02;1.14;2.14;0;
2021-11-21 17:55:00;19.82;59.96;1.00;2.00;0;
2021-11-21 17:50:00;19.84;60.10;1.00;2.00;0;
2021-11-21 17:45:00;19.82;60.16;1.13;2.13;0;
2021-11-21 17:40:00;19.79;60.14;1.00;2.00;0;
2021-11-21 17:35:00;19.80;60.25;1.00;2.00;0;
2021-11-21 17:30:00;19.80;60.29;1.14;2.14;0;
2021-11-21 17:25:00;19.80;60.33;1.17;2.17;0;
2021-11-21 17:20:00;19.82;60.46;1.00;2.00;0;
2021-11-21 17:15:00;19.85;60.42;1.00;2.00;0;
2021-11-21 17:10:00;19.84;60.44;1.00;2.00;0;
2021-11-21 17:05:00;19.86;60.61;1.00;2.00;0;
2021-11-21 17:00:00;19.86;60.63;1.00;2.00;0;
2021-11-21 16:55:00;19.88;60.88;1.25;2.25;0;
2021-11-21 16:50:00;19.85;60.91;1.00;2.00;0;
2021-11-21 16:45:00;19.86;60.76;1.00;2.00;0;
2021-11-21 16:40:00;19.86;60.76;1.00;2.00;0;
2021-11-21 16:35:00;19.86;60.74;1.00;2.00;0;
2021-11-21 16:30:00;19.89;60.69;1.00;2.00;0;
2021-11-21 16:25:00;19.88;60.67;1.00;2.00;0;
2021-11-21 16:20:00;19.85;60.87;1.20;2.20;0;
2021-11-21 16:15:00;19.84;60.88;1.00;2.00;0;
2021-11-21 16:10:00;19.80;60.93;1.00;2.00;0;
2021-11-21 16:05:00;19.79;60.89;1.00;2.00;0;
2021-11-21 16:00:00;19.78;60.98;1.00;2.00;0;
2021-11-21 15:55:00;19.78;60.83;1.00;2.00;0;
2021-11-21 15:50:00;19.79;60.87;1.00;2.00;0;
2021-11-21 15:45:00;19.78;60.99;1.00;2.00;0;
2021-11-21 15:40:00;19.78;60.90;1.00;2.00;0;
2021-11-21 15:35:00;19.78;60.82;1.00;2.00;0;
2021-11-21 15:30:00;19.75;60.56;1.14;2.14;0;
2021-11-21 15:25:00;19.75;60.96;1.00;2.00;0;
2021-11-21 15:20:00;19.72;61.00;1.17;2.17;0;
2021-11-21 15:15:00;19.71;60.88;1.14;2.14;0;
2021-11-21 15:10:00;19.70;60.97;1.13;2.13;0;
2021-11-21 15:05:00;19.68;60.86;1.00;2.00;0;
2021-11-21 15:00:00;19.70;60.57;1.13;2.13;0;
2021-11-21 14:55:00;19.66;60.30;1.14;2.14;0;
2021-11-21 14:50:00;19.65;60.52;1.00;2.00;0;
2021-11-21 14:45:00;19.65;60.41;1.00;2.00;0;
2021-11-21 14:40:00;19.60;60.61;1.17;2.17;0;
2021-11-21 14:35:00;19.62;60.79;1.13;2.13;0;
2021-11-21 14:30:00;19.61;60.69;1.14;2.14;0;
2021-11-21 14:25:00;19.58;60.58;1.00;2.00;0;
2021-11-21 14:20:00;19.60;60.72;1.14;2.14;0;
2021-11-21 14:15:00;19.57;60.73;1.00;2.00;0;
2021-11-21 14:10:00;19.58;60.65;1.00;2.00;0;
2021-11-21 14:05:00;19.57;60.60;1.00;2.00;0;
2021-11-21 14:00:00;19.58;60.56;1.00;2.00;0;
2021-11-21 13:55:00;19.57;60.69;1.00;2.00;0;
2021-11-21 13:50:00;19.57;60.67;1.14;2.14;0;
2021-11-21 13:45:00;19.57;60.62;1.13;2.13;0;
2021-11-21 13:40:00;19.52;60.69;1.00;2.00;0;
2021-11-21 13:35:00;19.53;60.74;1.00;2.00;0;
2021-11-21 13:30:00;19.53;60.74;1.00;2.00;0;
2021-11-21 13:25:00;19.53;60.69;1.29;2.29;0;
2021-11-21 13:20:00;19.53;60.69;1.00;2.00;0;
2021-11-21 13:15:00;19.54;60.64;0.86;1.86;0;
2021-11-21 13:10:00;19.52;60.77;1.13;2.13;0;
2021-11-21 13:05:00;19.52;60.69;1.14;2.14;0;
2021-11-21 13:00:00;19.49;60.70;1.33;2.33;0;
2021-11-21 12:55:00;19.54;60.73;1.00;2.00;0;
2021-11-21 12:50:00;19.49;60.79;1.00;2.00;0;
2021-11-21 12:45:00;19.48;60.76;1.00;2.00;0;
2021-11-21 12:40:00;19.48;60.83;1.00;2.00;0;
2021-11-21 12:35:00;19.48;60.84;1.00;2.00;0;
2021-11-21 12:30:00;19.47;60.84;1.13;2.13;0;
2021-11-21 12:25:00;19.45;60.85;1.00;2.00;0;
2021-11-21 12:20:00;19.45;60.87;1.00;2.00;0;
2021-11-21 12:15:00;19.47;60.85;1.13;2.13;0;
2021-11-21 12:10:00;19.44;60.93;1.00;2.00;0;
2021-11-21 12:05:00;19.44;60.91;1.00;2.00;0;
2021-11-21 12:00:00;19.48;60.96;1.14;2.14;0;
2021-11-21 11:55:00;19.43;61.01;1.29;2.29;0;
2021-11-21 11:50:00;19.43;61.05;1.00;2.00;0;
2021-11-21 11:45:00;19.41;61.10;1.00;2.00;0;
2021-11-21 11:40:00;19.40;61.17;1.00;2.00;0;
2021-11-21 11:35:00;19.41;61.17;1.17;2.17;0;
2021-11-21 11:30:00;19.39;61.15;1.14;2.14;0;
2021-11-21 11:25:00;19.41;61.27;1.25;2.25;0;
2021-11-21 11:20:00;19.40;61.19;1.00;2.00;0;
2021-11-21 11:15:00;19.39;61.29;1.00;2.00;0;
2021-11-21 11:10:00;19.40;61.32;1.00;2.00;0;
2021-11-21 11:05:00;19.40;61.30;1.00;2.00;0;
2021-11-21 11:00:00;19.37;61.31;1.29;2.29;0;
2021-11-21 10:55:00;19.37;61.30;1.20;2.20;0;
2021-11-21 10:50:00;19.35;61.43;1.00;2.00;0;
2021-11-21 10:45:00;19.34;61.40;1.00;2.00;0;
2021-11-21 10:40:00;19.40;61.40;1.17;2.17;0;
2021-11-21 10:35:00;19.37;61.41;1.29;2.29;0;
2021-11-21 10:30:00;19.35;61.42;1.00;2.00;0;
2021-11-21 10:25:00;19.35;61.44;1.00;2.00;0;
2021-11-21 10:20:00;19.37;61.46;1.00;2.00;0;
2021-11-21 10:15:00;19.39;61.50;1.50;2.50;0;
2021-11-21 10:10:00;19.35;61.53;1.29;2.29;0;
2021-11-21 10:05:00;19.35;61.55;1.29;2.29;0;
2021-11-21 10:00:00;19.35;61.53;1.00;2.00;0;
2021-11-21 09:55:00;19.35;61.55;1.13;2.13;0;
2021-11-21 09:50:00;19.35;61.57;1.00;2.00;0;
2021-11-21 09:45:00;19.37;61.56;1.13;2.13;0;
2021-11-21 09:40:00;19.37;61.54;1.00;2.00;0;
2021-11-21 09:35:00;19.35;61.48;1.13;2.13;0;
2021-11-21 09:30:00;19.35;61.53;1.13;2.13;0;
2021-11-21 09:25:00;19.37;61.53;1.57;2.57;0;
2021-11-21 09:20:00;19.37;61.55;1.00;2.00;0;
2021-11-21 09:15:00;19.34;61.56;1.14;2.14;0;
2021-11-21 09:10:00;19.39;61.57;1.29;2.29;0;
2021-11-21 09:05:00;19.39;61.57;1.00;2.00;0;
2021-11-21 09:00:00;19.39;61.55;1.17;2.17;0;
2021-11-21 08:55:00;19.39;61.60;1.14;2.14;0;
2021-11-21 08:50:00;19.39;61.52;1.17;2.17;0;
2021-11-21 08:45:00;19.37;61.62;1.14;2.14;0;
2021-11-21 08:40:00;19.37;61.62;1.00;2.00;0;
2021-11-21 08:35:00;19.40;61.60;1.14;2.14;0;
2021-11-21 08:30:00;19.37;61.61;1.00;2.00;0;
2021-11-21 08:25:00;19.39;61.66;1.29;2.29;0;
2021-11-21 08:20:00;19.39;61.63;1.29;2.29;0;
2021-11-21 08:15:00;19.40;61.61;1.00;2.00;0;
2021-11-21 08:10:00;19.41;61.55;1.00;2.00;0;
2021-11-21 08:05:00;19.39;61.61;1.38;2.38;0;
2021-11-21 08:00:00;19.40;61.61;1.17;2.17;0;
2021-11-21 07:55:00;19.43;61.59;1.29;2.29;0;
2021-11-21 07:50:00;19.43;61.57;1.57;2.57;0;
2021-11-21 07:45:00;19.44;61.57;1.50;2.50;0;
2021-11-21 07:40:00;19.45;61.55;1.57;2.57;0;
2021-11-21 07:35:00;19.43;61.67;1.43;2.43;0;
2021-11-21 07:30:00;19.45;61.65;1.50;2.50;0;
2021-11-21 07:25:00;19.44;61.52;1.17;2.17;0;
2021-11-21 07:20:00;19.45;61.61;1.50;2.50;0;
2021-11-21 07:15:00;19.45;61.61;1.71;2.71;0;
2021-11-21 07:10:00;19.44;61.57;1.00;2.00;0;
2021-11-21 07:05:00;19.48;61.62;1.43;2.43;0;
2021-11-21 07:00:00;19.44;61.62;1.14;2.14;0;
2021-11-21 06:55:00;19.48;61.55;1.17;2.17;0;
2021-11-21 06:50:00;19.45;61.59;1.43;2.43;0;
2021-11-21 06:45:00;19.49;61.59;1.71;2.71;0;
2021-11-21 06:40:00;19.49;61.53;1.80;2.80;0;
2021-11-21 06:35:00;19.49;61.59;1.14;2.14;0;
2021-11-21 06:30:00;19.52;61.52;1.50;2.50;0;
2021-11-21 06:25:00;19.49;61.52;1.29;2.29;0;
2021-11-21 06:20:00;19.52;61.53;1.38;2.38;0;
2021-11-21 06:15:00;19.54;61.59;1.71;2.71;0;
2021-11-21 06:10:00;19.49;61.59;1.60;2.60;0;
2021-11-21 06:05:00;19.52;61.56;1.71;2.71;0;
2021-11-21 06:00:00;19.53;61.60;1.38;2.38;0;
2021-11-21 05:55:00;19.53;61.57;1.38;2.38;0;
2021-11-21 05:50:00;19.52;61.62;1.33;2.33;0;
2021-11-21 05:45:00;19.53;61.65;1.75;2.75;0;
2021-11-21 05:40:00;19.53;61.59;2.20;3.20;0;
2021-11-21 05:35:00;19.52;61.56;1.57;2.57;0;
2021-11-21 05:30:00;19.53;61.61;1.75;2.75;0;
2021-11-21 05:25:00;19.53;61.62;1.83;2.83;0;
2021-11-21 05:20:00;19.49;61.73;1.75;2.75;0;
2021-11-21 05:15:00;19.53;61.63;2.00;3.00;0;
2021-11-21 05:10:00;19.54;61.62;1.57;2.57;0;
2021-11-21 05:05:00;19.56;61.68;1.88;2.88;0;
2021-11-21 05:00:00;19.57;61.70;1.57;2.57;0;
2021-11-21 04:55:00;19.57;61.66;1.57;2.57;0;
2021-11-21 04:50:00;19.56;61.62;1.71;2.71;0;
2021-11-21 04:45:00;19.54;61.66;1.88;2.88;0;
2021-11-21 04:40:00;19.57;61.66;1.71;2.71;0;
2021-11-21 04:35:00;19.57;61.63;1.50;2.50;0;
2021-11-21 04:30:00;19.58;61.54;2.00;3.00;0;
2021-11-21 04:25:00;19.58;61.59;2.14;3.14;0;
2021-11-21 04:20:00;19.57;61.63;1.63;2.63;0;
2021-11-21 04:15:00;19.60;61.59;1.86;2.86;0;
2021-11-21 04:10:00;19.60;61.60;1.86;2.86;0;
2021-11-21 04:05:00;19.58;61.59;1.83;2.83;0;
2021-11-21 04:00:00;19.60;61.61;1.86;2.86;0;
2021-11-21 03:55:00;19.61;61.64;1.88;2.88;0;
2021-11-21 03:50:00;19.60;61.57;2.00;3.00;0;
2021-11-21 03:45:00;19.60;61.66;1.86;2.86;0;
2021-11-21 03:40:00;19.62;61.62;1.88;2.88;0;
2021-11-21 03:35:00;19.60;61.65;2.00;3.00;0;
2021-11-21 03:30:00;19.61;61.66;2.13;3.13;0;
2021-11-21 03:25:00;19.60;61.63;2.00;3.00;0;
2021-11-21 03:20:00;19.60;61.57;2.00;3.00;0;
2021-11-21 03:15:00;19.61;61.55;2.00;3.00;0;
2021-11-21 03:10:00;19.60;61.54;2.00;3.00;0;
2021-11-21 03:05:00;19.61;61.60;2.00;3.00;0;
2021-11-21 03:00:00;19.62;61.62;2.00;3.00;0;
2021-11-21 02:55:00;19.62;61.60;2.00;3.00;0;
2021-11-21 02:50:00;19.65;61.51;2.00;3.00;0;
2021-11-21 02:45:00;19.62;61.50;2.00;3.00;0;
2021-11-21 02:40:00;19.65;61.56;1.88;2.88;0;
2021-11-21 02:35:00;19.66;61.51;2.33;3.33;0;
2021-11-21 02:30:00;19.66;61.50;2.29;3.17;0;
2021-11-21 02:25:00;19.65;61.53;2.25;3.25;0;
2021-11-21 02:20:00;19.65;61.55;1.88;2.88;0;
2021-11-21 02:15:00;19.66;61.42;2.00;3.00;0;
2021-11-21 02:10:00;19.65;61.38;2.00;3.00;0;
2021-11-21 02:05:00;19.68;61.43;2.00;3.00;0;
2021-11-21 02:00:00;19.66;61.53;2.25;3.25;0;
2021-11-21 01:55:00;19.66;61.40;1.88;2.88;0;
2021-11-21 01:50:00;19.71;61.41;2.14;3.14;0;
2021-11-21 01:45:00;19.68;61.41;2.00;3.00;0;
2021-11-21 01:40:00;19.70;61.36;2.00;3.00;0;
2021-11-21 01:35:00;19.70;61.30;1.88;2.88;0;
2021-11-21 01:30:00;19.68;61.35;1.88;2.88;0;
2021-11-21 01:25:00;19.70;61.39;1.67;2.67;0;
2021-11-21 01:20:00;19.74;61.37;2.00;3.00;0;
2021-11-21 01:15:00;19.72;61.32;2.00;3.00;0;
2021-11-21 01:10:00;19.72;61.35;2.00;3.00;0;
2021-11-21 01:05:00;19.71;61.32;2.00;3.00;0;
2021-11-21 01:00:00;19.72;61.30;2.29;3.29;0;
2021-11-21 00:55:00;19.75;61.35;2.00;3.00;0;
2021-11-21 00:50:00;19.72;61.29;2.00;3.00;0;
2021-11-21 00:45:00;19.74;61.26;2.00;3.00;0;
2021-11-21 00:40:00;19.72;61.26;1.88;2.88;0;
2021-11-21 00:35:00;19.75;61.15;2.14;3.14;0;
2021-11-21 00:30:00;19.76;61.24;2.00;3.00;0;
2021-11-21 00:25:00;19.74;61.27;2.00;3.00;0;
2021-11-21 00:20:00;19.74;61.26;1.43;2.43;0;
2021-11-21 00:15:00;19.75;61.23;2.00;3.00;0;
2021-11-21 00:10:00;19.78;61.17;2.00;3.00;0;
2021-11-21 00:05:00;19.76;61.24;1.86;2.86;0;
2021-11-21 00:00:00;19.76;61.15;1.86;2.86;0;
2021-11-20 23:55:00;19.75;61.16;1.57;2.57;0;
2021-11-20 23:50:00;19.78;61.12;1.50;2.50;0;
2021-11-20 23:45:00;19.76;61.14;1.25;2.25;0;
2021-11-20 23:40:00;19.78;61.14;1.43;2.43;0;
2021-11-20 23:35:00;19.79;61.10;1.38;2.38;0;
2021-11-20 23:30:00;19.79;61.07;1.38;2.38;0;
2021-11-20 23:25:00;19.80;61.09;1.71;2.71;0;
2021-11-20 23:20:00;19.80;61.12;1.63;2.63;0;
2021-11-20 23:15:00;19.79;60.98;1.29;2.29;0;
2021-11-20 23:10:00;19.80;61.11;1.25;2.25;0;
2021-11-20 23:05:00;19.80;61.13;1.25;2.25;0;
2021-11-20 23:00:00;19.79;61.02;1.50;2.50;0;
2021-11-20 22:55:00;19.80;61.07;1.50;2.50;0;
2021-11-20 22:50:00;19.80;61.04;1.38;2.38;0;
2021-11-20 22:45:00;19.82;61.02;1.14;2.14;0;
2021-11-20 22:40:00;19.79;60.95;1.00;2.00;0;
2021-11-20 22:35:00;19.80;60.99;1.57;2.57;0;
2021-11-20 22:30:00;19.85;60.97;1.25;2.25;0;
2021-11-20 22:25:00;19.82;60.97;1.50;2.50;0;
2021-11-20 22:20:00;19.84;60.91;1.29;2.29;0;
2021-11-20 22:15:00;19.86;61.03;1.25;2.25;0;
2021-11-20 22:10:00;19.84;60.95;1.13;2.13;0;
2021-11-20 22:05:00;19.82;60.93;1.00;2.00;0;
2021-11-20 22:00:00;19.84;60.91;1.25;2.25;0;
2021-11-20 21:55:00;19.85;60.84;1.33;2.33;0;
2021-11-20 21:50:00;19.85;60.95;1.25;2.25;0;
2021-11-20 21:45:00;19.85;60.83;1.50;2.50;0;
2021-11-20 21:40:00;19.85;60.91;1.14;2.14;0;
2021-11-20 21:35:00;19.86;60.90;1.38;2.38;0;
2021-11-20 21:30:00;19.86;60.74;1.13;2.13;0;
2021-11-20 21:25:00;19.86;60.81;1.71;2.71;0;
2021-11-20 21:20:00;19.85;60.81;1.38;2.38;0;
2021-11-20 21:15:00;19.86;60.73;1.14;2.14;0;
2021-11-20 21:10:00;19.89;60.78;1.43;2.43;0;
2021-11-20 21:05:00;19.86;60.83;1.13;2.13;0;
2021-11-20 21:00:00;19.88;60.85;1.14;2.14;0;
2021-11-20 20:55:00;19.90;60.77;1.50;2.50;0;
2021-11-20 20:50:00;19.89;60.69;1.14;2.14;0;
2021-11-20 20:45:00;19.88;60.72;1.43;2.43;0;
2021-11-20 20:40:00;19.86;60.73;1.38;2.38;0;
2021-11-20 20:35:00;19.89;60.64;1.00;2.00;0;
2021-11-20 20:30:00;19.90;60.69;1.25;2.25;0;
2021-11-20 20:25:00;19.90;60.73;1.17;2.17;0;
2021-11-20 20:20:00;19.90;60.63;1.00;2.00;0;
2021-11-20 20:15:00;19.90;60.65;1.14;2.14;0;
2021-11-20 20:10:00;19.89;60.52;1.17;2.17;0;
2021-11-20 20:05:00;19.89;60.60;1.38;2.38;0;
2021-11-20 20:00:00;19.93;60.57;1.13;2.13;0;
2021-11-20 19:55:00;19.93;60.61;1.50;2.50;0;
2021-11-20 19:50:00;19.92;60.54;1.25;2.25;0;
2021-11-20 19:45:00;19.92;60.50;1.13;2.13;0;
2021-11-20 19:40:00;19.92;60.58;1.14;2.14;0;
2021-11-20 19:35:00;19.93;60.49;1.25;2.25;0;
2021-11-20 19:30:00;19.92;60.47;1.14;2.14;0;
2021-11-20 19:25:00;19.93;60.44;1.13;2.13;0;
2021-11-20 19:20:00;19.93;60.44;1.38;2.38;0;
2021-11-20 19:15:00;19.97;60.32;1.29;2.29;0;
2021-11-20 19:10:00;19.94;60.48;1.25;2.25;0;
2021-11-20 19:05:00;19.96;60.32;1.13;2.13;0;
2021-11-20 19:00:00;19.93;60.28;1.43;2.43;0;
2021-11-20 18:55:00;19.97;60.35;1.13;2.13;0;
2021-11-20 18:50:00;19.96;60.27;1.29;2.29;0;
2021-11-20 18:45:00;19.96;60.34;1.63;2.63;0;
2021-11-20 18:40:00;19.96;60.21;1.29;2.29;0;
2021-11-20 18:35:00;19.96;60.25;1.29;2.29;0;
2021-11-20 18:30:00;19.97;60.18;1.13;2.13;0;
2021-11-20 18:25:00;19.96;60.19;1.25;2.25;0;
2021-11-20 18:20:00;19.97;60.01;1.00;2.00;0;
2021-11-20 18:15:00;20.00;60.09;1.13;2.13;0;
2021-11-20 18:10:00;20.00;60.07;1.00;2.00;0;
2021-11-20 18:05:00;20.00;60.04;1.14;2.14;0;
2021-11-20 18:00:00;20.01;59.94;1.14;2.14;0;
2021-11-20 17:55:00;20.00;59.88;1.29;2.29;0;
2021-11-20 17:50:00;20.02;59.92;1.13;2.13;0;
2021-11-20 17:45:00;20.02;59.85;1.88;2.88;0;
2021-11-20 17:40:00;20.02;59.80;1.00;2.00;0;
2021-11-20 17:35:00;20.01;59.71;1.43;2.43;0;
2021-11-20 17:30:00;20.02;59.73;1.43;2.43;0;
2021-11-20 17:25:00;20.02;59.62;1.86;2.86;0;
2021-11-20 17:20:00;20.01;59.61;1.00;2.00;0;
2021-11-20 17:15:00;20.02;59.58;1.29;2.29;0;
2021-11-20 17:10:00;20.02;59.66;1.38;2.38;0;
2021-11-20 17:05:00;20.02;59.46;1.13;2.13;0;
2021-11-20 17:00:00;20.03;59.50;1.43;2.43;0;
2021-11-20 16:55:00;20.03;59.57;1.50;2.50;0;
2021-11-20 16:50:00;20.03;59.39;1.25;2.25;0;
2021-11-20 16:45:00;20.05;59.49;1.29;2.29;0;
2021-11-20 16:40:00;20.05;59.35;1.57;2.57;0;
2021-11-20 16:35:00;20.05;59.36;1.29;2.29;0;
2021-11-20 16:30:00;20.06;59.35;1.25;2.25;0;
2021-11-20 16:25:00;20.03;59.36;1.14;2.14;0;
2021-11-20 16:20:00;20.05;59.24;1.14;2.14;0;
2021-11-20 16:15:00;20.06;59.32;1.13;2.13;0;
2021-11-20 16:10:00;20.07;59.24;1.25;2.25;0;
2021-11-20 16:05:00;20.05;59.19;1.29;2.29;0;
2021-11-20 16:00:00;20.07;59.25;1.38;2.38;0;
2021-11-20 15:55:00;20.07;59.10;1.43;2.43;0;
2021-11-20 15:50:00;20.07;59.05;1.25;2.25;0;
2021-11-20 15:45:00;20.10;58.97;1.25;2.25;0;
2021-11-20 15:40:00;20.07;59.03;1.43;2.43;0;
2021-11-20 15:35:00;20.06;59.02;1.50;2.50;0;
2021-11-20 15:30:00;20.09;58.91;1.29;2.29;0;
2021-11-20 15:25:00;20.07;58.90;1.50;2.50;0;
2021-11-20 15:20:00;20.07;58.99;1.63;2.63;0;
2021-11-20 15:15:00;20.10;58.94;1.33;2.33;0;
2021-11-20 15:10:00;20.07;58.78;1.14;2.14;0;
2021-11-20 15:05:00;20.07;58.70;1.38;2.38;0;
2021-11-20 15:00:00;20.07;58.69;1.29;2.29;0;
2021-11-20 14:55:00;20.09;58.72;1.29;2.29;0;
2021-11-20 14:50:00;20.07;58.76;1.00;2.00;0.03;
2021-11-20 14:45:00;20.09;58.67;1.38;2.38;0;
2021-11-20 14:40:00;20.07;58.66;1.63;2.63;0;
2021-11-20 14:35:00;20.09;58.57;1.33;2.33;0;
2021-11-20 14:30:00;20.06;58.63;1.13;2.13;0;
2021-11-20 14:25:00;20.07;58.53;1.00;2.00;0;
2021-11-20 14:20:00;20.07;58.58;1.29;2.29;0;
2021-11-20 14:15:00;20.09;58.57;1.43;2.43;0;
2021-11-20 14:10:00;20.09;58.59;1.14;2.14;0;
2021-11-20 14:05:00;20.09;58.50;1.29;2.29;0;
2021-11-20 14:00:00;20.09;58.44;1.00;2.00;0;
2021-11-20 13:55:00;20.10;58.40;1.14;2.14;0.05;
2021-11-20 13:50:00;20.10;58.45;1.38;2.38;0.20;
2021-11-20 13:45:00;20.09;58.45;1.29;2.29;0.03;
2021-11-20 13:40:00;20.07;58.41;1.25;2.25;0;
2021-11-20 13:35:00;20.09;58.39;1.29;2.29;0.29;
2021-11-20 13:30:00;20.11;58.50;1.14;2.14;0.28;
2021-11-20 13:25:00;20.10;58.44;1.13;2.13;0;
2021-11-20 13:20:00;20.11;58.48;1.38;2.38;0;
2021-11-20 13:15:00;20.09;58.42;1.00;2.00;0;
2021-11-20 13:10:00;20.10;58.40;1.25;2.25;0;
2021-11-20 13:05:00;20.07;58.47;1.33;2.33;0;
2021-11-20 13:00:00;20.09;58.35;1.25;2.25;0.09;
2021-11-20 12:55:00;20.10;58.30;1.13;2.13;0;
2021-11-20 12:50:00;20.09;58.37;1.00;2.00;0.37;
2021-11-20 12:45:00;20.09;58.28;1.00;2.00;0;
2021-11-20 12:40:00;20.10;58.40;1.25;2.25;0;
2021-11-20 12:35:00;20.10;58.39;1.14;2.14;0.32;
2021-11-20 12:30:00;20.09;58.31;1.25;2.25;0;
2021-11-20 12:25:00;20.11;58.28;1.25;2.25;0.01;
2021-11-20 12:20:00;20.09;58.22;1.00;2.00;0;
2021-11-20 12:15:00;20.10;58.25;1.00;2.00;0;
2021-11-20 12:10:00;20.07;58.27;1.00;2.00;0;
2021-11-20 12:05:00;20.11;58.19;1.00;2.00;0;
2021-11-20 12:00:00;20.11;58.21;1.00;2.00;0;
2021-11-20 11:55:00;20.09;58.12;1.00;2.00;0.28;
2021-11-20 11:50:00;20.11;58.12;1.13;2.13;0;
2021-11-20 11:45:00;20.10;58.01;1.14;2.14;0;
2021-11-20 11:40:00;20.11;58.00;1.50;2.50;0;
2021-11-20 11:35:00;20.11;57.97;1.38;2.38;0;
2021-11-20 11:30:00;20.11;57.97;1.00;2.00;0;
2021-11-20 11:25:00;20.10;58.03;1.00;2.00;0;
2021-11-20 11:20:00;20.11;57.90;1.00;2.00;0;
2021-11-20 11:15:00;20.11;57.86;1.14;2.14;0.06;
2021-11-20 11:10:00;20.11;57.85;1.00;2.00;0;
2021-11-20 11:05:00;20.13;57.89;1.00;2.00;0.03;
2021-11-20 11:00:00;20.10;57.86;1.00;2.00;0;
2021-11-20 10:55:00;20.10;57.83;1.00;2.00;0;
2021-11-20 10:50:00;20.11;57.79;1.00;2.00;0;
2021-11-20 10:45:00;20.11;57.78;1.00;2.00;0.15;
2021-11-20 10:40:00;20.10;57.65;1.00;2.00;0;
2021-11-20 10:35:00;20.15;-;1.71;2.71;0;
2021-11-20 10:30:00;20.11;57.64;1.00;2.00;0;
2021-11-20 10:25:00;20.15;57.70;1.00;2.00;0;
2021-11-20 10:20:00;20.13;57.72;1.00;2.00;0;
2021-11-20 10:15:00;20.15;57.66;1.13;2.13;0;
2021-11-20 10:10:00;20.15;57.61;1.00;2.00;0;
2021-11-20 10:05:00;20.16;57.56;1.00;2.00;0.50;
2021-11-20 10:00:00;20.15;57.58;1.00;2.00;0.18;
2021-11-20 09:55:00;20.15;57.57;1.14;2.14;0;
2021-11-20 09:50:00;20.15;57.53;1.00;2.00;0.36;
2021-11-20 09:45:00;20.13;57.51;1.00;2.00;0;
2021-11-20 09:40:00;20.16;57.34;1.17;2.17;0.01;
2021-11-20 09:35:00;20.11;57.54;1.00;2.00;0.07;
2021-11-20 09:30:00;20.15;57.45;1.43;2.43;0.12;
2021-11-20 09:25:00;20.13;57.46;1.29;2.29;0;
2021-11-20 09:20:00;20.18;57.39;1.13;2.13;0;
2021-11-20 09:15:00;20.18;57.47;1.00;2.00;0;
2021-11-20 09:10:00;20.19;57.43;1.00;2.00;0;
2021-11-20 09:05:00;20.20;57.40;1.00;2.00;0;
2021-11-20 09:00:00;20.19;57.42;1.00;2.00;0;
2021-11-20 08:55:00;20.19;57.37;1.13;2.13;0.10;
2021-11-20 08:50:00;20.20;57.29;1.00;2.00;0;
2021-11-20 08:45:00;20.19;57.40;1.00;2.00;0;
2021-11-20 08:40:00;20.20;57.27;1.00;2.00;0;
2021-11-20 08:35:00;20.20;57.27;1.00;2.00;0;
2021-11-20 08:30:00;20.18;57.18;1.00;2.00;0.11;
2021-11-20 08:25:00;20.22;57.19;1.00;2.00;1.22;
2021-11-20 08:20:00;20.20;57.25;1.00;2.00;0.80;
2021-11-20 08:15:00;20.23;57.12;1.00;2.00;0.71;
2021-11-20 08:10:00;20.22;57.11;1.00;2.00;0.08;
2021-11-20 08:05:00;20.22;57.03;1.13;2.13;0.65;
2021-11-20 08:00:00;20.23;57.14;1.00;2.00;1.42;
2021-11-20 07:55:00;20.24;56.98;1.29;2.29;1.64;
2021-11-20 07:50:00;20.20;56.92;1.00;2.00;1.21;
2021-11-20 07:45:00;20.24;56.92;1.14;2.14;2.34;
2021-11-20 07:40:00;20.23;56.83;1.13;2.13;1.76;
2021-11-20 07:35:00;20.23;56.81;1.00;2.00;1.71;
2021-11-20 07:30:00;20.24;56.77;1.00;2.00;2.09;
2021-11-20 07:25:00;20.27;56.75;1.25;2.25;1.91;
2021-11-20 07:20:00;20.26;56.73;1.00;2.00;2.09;
2021-11-20 07:15:00;20.27;56.73;1.00;2.00;2.46;
2021-11-20 07:10:00;20.27;56.67;1.00;2.00;2.98;
2021-11-20 07:05:00;20.28;56.62;1.00;2.00;2.60;
2021-11-20 07:00:00;20.29;56.51;1.00;2.00;2.97;
2021-11-20 06:55:00;20.33;56.51;1.25;2.25;2.94;
2021-11-20 06:50:00;20.32;56.53;1.00;2.00;3.08;
2021-11-20 06:45:00;20.33;56.41;1.14;2.14;4.18;
2021-11-20 06:40:00;20.29;56.42;1.14;2.14;4.15;
2021-11-20 06:35:00;20.33;56.35;1.25;2.25;5.35;
2021-11-20 06:30:00;20.36;56.45;1.00;2.00;3.84;
2021-11-20 06:25:00;20.32;56.37;1.00;2.00;4.57;
2021-11-20 06:20:00;20.29;56.26;1.13;2.13;5.26;
2021-11-20 06:15:00;20.33;56.29;1.00;2.00;3.53;
2021-11-20 06:10:00;20.36;56.31;1.14;2.14;4.35;
2021-11-20 06:05:00;20.34;56.18;1.00;2.00;4.05;
2021-11-20 06:00:00;20.36;56.21;1.00;2.00;4.91;
2021-11-20 05:55:00;20.36;56.21;1.00;2.00;4.10;
2021-11-20 05:50:00;20.37;56.23;1.25;2.25;3.42;
2021-11-20 05:45:00;20.37;56.24;1.14;2.14;4.43;
2021-11-20 05:40:00;20.38;56.18;1.00;2.00;4.10;
2021-11-20 05:35:00;20.37;56.26;1.00;2.00;4.53;
2021-11-20 05:30:00;20.38;56.20;1.14;2.13;4.26;
2021-11-20 05:25:00;20.41;56.18;1.13;2.13;3.86;
2021-11-20 05:20:00;20.40;56.18;1.29;2.29;3.28;
2021-11-20 05:15:00;20.40;56.09;1.00;2.00;4.45;
2021-11-20 05:10:00;20.41;56.12;1.00;2.00;4.72;
2021-11-20 05:05:00;20.40;56.15;1.14;2.14;5.14;
2021-11-20 05:00:00;20.41;56.13;1.00;2.00;4.71;
2021-11-20 04:55:00;-;-;1.29;2.29;5.88;
2021-11-20 04:50:00;20.42;56.08;1.13;2.13;4.71;
2021-11-20 04:45:00;20.44;56.07;1.00;2.00;4.64;
2021-11-20 04:40:00;20.44;56.04;1.00;2.00;4.87;
2021-11-20 04:35:00;20.44;56.01;1.00;2.00;5.67;
2021-11-20 04:30:00;20.49;55.98;1.25;2.25;6.60;
2021-11-20 04:25:00;20.49;55.96;1.00;2.00;5.80;
2021-11-20 04:20:00;20.49;55.99;1.00;2.00;5.57;
2021-11-20 04:15:00;20.49;55.96;1.00;2.00;6.56;
2021-11-20 04:10:00;20.46;55.90;1.00;2.00;6.91;
2021-11-20 04:05:00;20.51;55.91;1.13;2.13;5.87;
2021-11-20 04:00:00;20.51;55.87;1.00;2.00;6.97;
2021-11-20 03:55:00;20.51;55.85;1.00;2.00;7.54;
2021-11-20 03:50:00;20.51;55.82;1.13;2.13;6.81;
2021-11-20 03:45:00;20.54;55.74;1.00;2.00;6.48;
2021-11-20 03:40:00;20.54;55.76;1.00;2.00;7.87;
2021-11-20 03:35:00;20.52;55.76;1.29;2.29;7.55;
2021-11-20 03:30:00;20.54;55.67;1.13;2.13;7.78;
2021-11-20 03:25:00;20.54;55.70;1.13;2.13;8.17;
2021-11-20 03:20:00;20.55;55.68;1.00;2.00;8.36;
2021-11-20 03:15:00;20.52;55.72;1.00;2.00;7.65;
2021-11-20 03:10:00;20.59;55.67;1.13;2.13;7.96;
2021-11-20 03:05:00;20.59;55.72;1.14;2.14;8.82;
2021-11-20 03:00:00;20.59;55.65;1.13;2.13;8.51;
2021-11-20 02:55:00;20.58;55.66;1.13;2.13;8.00;
2021-11-20 02:50:00;20.59;55.62;1.00;2.00;8.24;
2021-11-20 02:45:00;20.62;55.62;1.38;2.38;8.32;
2021-11-20 02:40:00;20.59;55.58;1.29;2.29;8.70;
2021-11-20 02:35:00;20.62;55.58;1.00;2.00;8.49;
2021-11-20 02:30:00;20.62;55.65;1.13;2.13;9.22;
2021-11-20 02:25:00;20.62;55.58;1.29;2.29;8.89;
2021-11-20 02:20:00;20.67;55.60;1.38;2.38;9.85;
2021-11-20 02:15:00;20.64;55.52;1.13;2.13;9.35;
2021-11-20 02:10:00;20.67;55.48;1.14;2.14;9.53;
2021-11-20 02:05:00;20.66;55.55;1.00;2.00;10.32;
2021-11-20 02:00:00;20.68;55.51;1.29;2.29;10.32;
2021-11-20 01:55:00;20.70;55.49;1.25;2.25;10.58;
2021-11-20 01:50:00;20.68;55.49;1.13;2.13;11.21;
2021-11-20 01:45:00;20.70;55.43;1.14;2.14;10.80;
2021-11-20 01:40:00;20.70;55.45;1.25;2.25;10.45;
2021-11-20 01:35:00;20.72;55.45;1.00;2.00;10.20;
2021-11-20 01:30:00;20.73;55.41;1.43;2.43;11.21;
2021-11-20 01:25:00;20.73;55.46;1.13;2.13;11.51;
2021-11-20 01:20:00;20.75;55.40;1.57;2.57;11.04;
2021-11-20 01:15:00;20.76;55.34;1.50;2.50;11.53;
2021-11-20 01:10:00;20.75;55.37;1.13;2.13;11.82;
2021-11-20 01:05:00;20.78;55.40;1.00;2.00;11.98;
2021-11-20 01:00:00;20.78;55.36;1.29;2.29;12.52;
2021-11-20 00:55:00;20.80;55.28;1.00;2.00;13.35;
2021-11-20 00:50:00;20.81;55.27;1.13;2.13;13.85;
2021-11-20 00:45:00;20.82;55.25;1.13;2.13;14.51;
2021-11-20 00:40:00;20.81;55.22;1.57;2.57;14.83;
2021-11-20 00:35:00;20.82;55.27;1.13;2.13;15.09;
2021-11-20 00:30:00;20.84;55.20;1.38;2.38;15.78;
2021-11-20 00:25:00;20.84;55.18;1.14;2.14;15.93;
2021-11-20 00:20:00;20.82;55.18;1.38;2.38;16.54;
2021-11-20 00:15:00;20.85;55.22;1.14;2.14;17.08;
2021-11-20 00:10:00;20.88;55.18;1.50;2.50;17.25;
2021-11-20 00:05:00;20.88;55.16;1.63;2.63;18.13;
2021-11-20 00:00:00;20.89;55.12;1.43;2.43;19.26;
2021-11-19 23:55:00;20.90;55.16;1.50;2.50;19.78;
2021-11-19 23:50:00;20.89;55.09;1.13;2.13;20.46;
2021-11-19 23:45:00;20.93;55.09;1.14;2.14;20.57;
2021-11-19 23:40:00;20.94;54.99;1.50;2.50;21.15;
2021-11-19 23:35:00;20.94;55.03;1.63;2.63;21.19;
2021-11-19 23:30:00;20.95;55.08;1.29;2.29;22.19;
2021-11-19 23:25:00;20.96;55.03;1.38;2.38;22.62;
2021-11-19 23:20:00;20.98;54.98;1.43;2.43;24.30;
2021-11-19 23:15:00;20.99;54.94;1.13;2.13;25.30;
2021-11-19 23:10:00;20.99;54.98;1.13;2.13;25.11;
2021-11-19 23:05:00;21.02;54.87;1.43;2.43;26.00;
2021-11-19 23:00:00;20.99;54.83;1.25;2.25;26.91;
2021-11-19 22:55:00;21.00;54.88;1.50;2.50;28.10;
2021-11-19 22:50:00;21.02;54.82;1.57;2.57;28.90;
2021-11-19 22:45:00;21.03;54.87;1.50;2.50;30.34;
2021-11-19 22:40:00;21.04;54.81;1.43;2.43;30.79;
2021-11-19 22:35:00;21.10;54.83;1.63;2.63;31.31;
2021-11-19 22:30:00;21.07;54.73;1.63;2.63;32.76;
2021-11-19 22:25:00;21.11;54.69;1.14;2.14;33.43;
2021-11-19 22:20:00;21.12;54.68;1.38;2.38;34.43;
2021-11-19 22:15:00;21.12;54.67;1.38;2.38;35.91;
2021-11-19 22:10:00;21.12;54.67;1.57;2.57;36.89;
2021-11-19 22:05:00;21.13;54.62;1.38;2.38;37.61;
2021-11-19 22:00:00;21.13;54.59;1.29;2.29;38.71;
2021-11-19 21:55:00;21.15;54.62;1.38;2.38;40.33;
2021-11-19 21:50:00;21.17;54.58;1.38;2.38;40.47;
2021-11-19 21:45:00;21.19;54.49;1.29;2.29;42.37;
2021-11-19 21:40:00;21.21;54.52;1.25;2.25;43.91;
2021-11-19 21:35:00;21.19;54.44;1.50;2.50;45.10;
2021-11-19 21:30:00;21.25;54.44;1.57;2.57;46.15;
2021-11-19 21:25:00;21.23;54.44;1.38;2.38;46.76;
2021-11-19 21:20:00;21.25;54.40;1.57;2.57;49.21;
2021-11-19 21:15:00;21.29;54.36;1.50;2.50;49.23;
2021-11-19 21:10:00;21.26;54.27;1.63;2.63;51.68;
2021-11-19 21:05:00;21.29;54.28;1.71;2.71;53.23;
2021-11-19 21:00:00;21.30;54.24;1.38;2.38;54.95;
2021-11-19 20:55:00;21.32;54.19;1.63;2.63;57.26;
2021-11-19 20:50:00;21.33;54.19;1.43;2.43;57.80;
2021-11-19 20:45:00;21.34;54.11;2.00;3.00;59.16;
2021-11-19 20:40:00;21.38;54.12;1.63;2.63;62.47;
2021-11-19 20:35:00;21.37;54.07;1.86;2.86;62.90;
2021-11-19 20:30:00;21.42;54.04;1.63;2.63;64.95;
2021-11-19 20:25:00;21.40;54.00;1.29;2.29;67.21;
2021-11-19 20:20:00;21.42;53.98;1.50;2.50;68.68;
2021-11-19 20:15:00;21.46;54.01;1.63;2.63;70.22;
2021-11-19 20:10:00;21.50;53.91;1.43;2.43;71.89;
2021-11-19 20:05:00;21.48;53.88;1.63;2.63;74.04;
2021-11-19 20:00:00;21.51;53.91;1.75;2.75;75.59;
2021-11-19 19:55:00;21.54;53.91;2.14;3.14;78.26;
2021-11-19 19:50:00;21.56;53.88;1.38;2.38;80.63;
2021-11-19 19:45:00;21.57;53.86;2.00;3.00;83.15;
2021-11-19 19:40:00;21.57;53.84;1.63;2.63;85.51;
2021-11-19 19:35:00;21.61;53.88;1.88;2.88;87.26;
2021-11-19 19:30:00;21.60;53.82;1.86;2.86;90.75;
2021-11-19 19:25:00;21.64;53.78;2.13;3.13;94.71;
2021-11-19 19:20:00;21.67;53.74;1.88;2.88;96.87;
2021-11-19 19:15:00;21.69;53.79;2.00;3.00;96.75;
2021-11-19 19:10:00;21.73;53.77;1.75;2.75;100.65;
2021-11-19 19:05:00;21.74;53.77;2.13;3.13;103.45;
2021-11-19 19:00:00;21.77;53.71;1.57;2.57;104.78;
2021-11-19 18:55:00;21.78;53.72;2.00;3.00;111.41;
2021-11-19 18:50:00;21.82;53.69;1.75;2.75;117.24;
2021-11-19 18:45:00;21.85;53.71;1.86;2.86;121.21;
2021-11-19 18:40:00;21.85;53.69;1.88;2.88;125.22;
2021-11-19 18:35:00;21.92;53.66;2.00;3.00;130.28;
2021-11-19 18:30:00;21.92;53.68;2.25;3.25;133.01;
2021-11-19 18:25:00;21.94;53.60;1.63;2.63;136.87;
2021-11-19 18:20:00;21.96;53.61;2.43;3.43;145.69;
2021-11-19 18:15:00;22.03;53.60;2.13;3.13;149.45;
2021-11-19 18:10:00;22.05;53.60;2.13;3.13;155.65;
2021-11-19 18:05:00;22.09;53.57;2.00;3.00;155.17;
2021-11-19 18:00:00;22.11;53.49;2.00;3.00;156.15;
2021-11-19 17:55:00;22.17;53.53;2.50;3.50;157.57;
2021-11-19 17:50:00;22.17;53.53;2.29;3.29;168.05;
2021-11-19 17:45:00;22.22;53.50;2.38;3.38;173.11;
2021-11-19 17:40:00;22.27;53.51;2.29;3.29;181.13;
2021-11-19 17:35:00;22.29;53.53;2.50;3.50;189.73;
2021-11-19 17:30:00;22.34;53.53;2.63;3.63;211.10;
2021-11-19 17:25:00;22.38;53.52;2.43;3.43;211.33;
2021-11-19 17:20:00;22.39;53.44;2.25;3.25;216.88;
2021-11-19 17:15:00;22.43;53.38;2.25;3.25;226.37;
2021-11-19 17:10:00;22.48;53.53;3.14;4.14;227.00;
2021-11-19 17:05:00;22.50;53.30;3.00;4.00;233.17;
2021-11-19 17:00:00;22.53;53.35;3.00;4.00;246.56;
2021-11-19 16:55:00;22.56;53.39;3.43;4.43;258.92;
2021-11-19 16:50:00;22.61;53.35;4.13;5.13;268.26;
2021-11-19 16:45:00;22.64;53.46;2.71;3.71;277.37;
2021-11-19 16:40:00;22.64;53.40;3.50;4.50;281.68;
2021-11-19 16:35:00;22.70;53.44;3.86;4.86;292.71;
2021-11-19 16:30:00;22.74;53.47;3.43;4.43;311.45;
2021-11-19 16:25:00;22.84;53.46;3.38;4.38;322.74;
2021-11-19 16:20:00;22.86;53.57;3.88;4.88;360.49;
2021-11-19 16:15:00;22.92;53.50;4.14;5.14;360.32;
2021-11-19 16:10:00;22.97;53.54;4.13;5.13;375.95;
2021-11-19 16:05:00;23.04;53.64;4.50;5.50;385.53;
2021-11-19 16:00:00;23.05;53.61;4.29;5.29;398.71;
2021-11-19 15:55:00;23.10;53.78;4.88;5.88;405.49;
2021-11-19 15:50:00;23.18;53.88;4.57;5.57;421.17;
2021-11-19 15:45:00;23.25;54.07;5.63;6.63;408.42;
2021-11-19 15:40:00;23.35;54.23;5.75;6.75;428.05;
2021-11-19 15:35:00;23.45;53.80;5.71;6.71;460.18;
2021-11-19 15:30:00;23.49;52.88;6.25;7.25;459.12;
2021-11-19 15:25:00;23.50;52.73;4.00;5.00;474.94;
2021-11-19 15:20:00;23.62;52.66;3.86;4.86;500.04;
2021-11-19 15:15:00;23.73;52.77;3.50;4.50;553.66;
2021-11-19 15:10:00;23.80;53.05;4.00;5.00;628.63;
2021-11-19 15:05:00;23.87;52.61;3.63;4.63;655.12;
2021-11-19 15:00:00;23.94;52.48;4.00;5.00;673.65;
2021-11-19 14:55:00;24.05;52.57;3.00;4.00;712.92;
2021-11-19 14:50:00;24.13;52.74;3.63;4.63;789.01;
2021-11-19 14:45:00;24.24;52.50;4.50;5.50;845.71;
2021-11-19 14:40:00;24.38;52.49;3.86;4.86;878.90;
2021-11-19 14:35:00;24.50;52.44;3.75;4.75;972.62;
2021-11-19 14:30:00;24.55;53.18;2.63;3.63;953.90;
2021-11-19 14:25:00;24.55;53.29;2.71;3.71;992.83;
2021-11-19 14:20:00;24.51;53.55;2.75;3.75;1.01 K;
2021-11-19 14:15:00;24.50;53.50;3.00;4.00;1.03 K;
2021-11-19 14:10:00;24.46;53.82;2.63;3.63;1.03 K;
2021-11-19 14:05:00;24.45;53.80;2.75;3.75;1.04 K;
2021-11-19 14:00:00;24.38;53.99;2.57;3.57;1.03 K;
2021-11-19 13:55:00;24.36;53.93;2.38;3.38;1.02 K;
2021-11-19 13:50:00;24.33;53.83;2.50;3.50;1.03 K;
2021-11-19 13:45:00;24.32;54.16;3.14;4.14;1.03 K;
2021-11-19 13:40:00;24.27;54.12;2.38;3.38;1.02 K;
2021-11-19 13:35:00;24.24;53.96;2.75;3.75;1.04 K;
2021-11-19 13:30:00;24.25;54.40;2.43;3.43;1.06 K;
2021-11-19 13:25:00;24.20;54.38;2.00;3.00;1.07 K;
2021-11-19 13:20:00;24.19;54.46;2.57;3.57;1.04 K;
2021-11-19 13:15:00;24.15;54.40;2.25;3.25;1.03 K;
2021-11-19 13:10:00;24.13;54.52;2.50;3.50;1.05 K;
2021-11-19 13:05:00;24.10;54.49;2.71;3.71;992.97;
2021-11-19 13:00:00;24.09;54.50;2.13;3.13;977.58;
2021-11-19 12:55:00;24.03;54.63;2.25;3.25;973.80;
2021-11-19 12:50:00;23.98;54.41;2.14;3.14;918.01;
2021-11-19 12:45:00;23.96;54.40;2.13;3.13;864.56;
2021-11-19 12:40:00;23.93;53.99;2.13;3.13;856.78;
2021-11-19 12:35:00;23.88;53.87;2.43;3.43;891.53;
2021-11-19 12:30:00;23.85;54.01;2.38;3.38;889.18;
2021-11-19 12:25:00;23.79;54.19;3.14;4.14;898.01;
2021-11-19 12:20:00;23.77;54.34;2.50;3.50;874.90;
2021-11-19 12:15:00;23.70;54.09;2.75;3.75;879.23;
2021-11-19 12:10:00;23.63;53.95;2.43;3.43;861.51;
2021-11-19 12:05:00;23.61;53.83;2.63;3.63;827.01;
2021-11-19 12:00:00;23.55;53.62;2.25;3.25;832.02;
2021-11-19 11:55:00;23.54;53.59;2.14;3.14;830.88;
2021-11-19 11:50:00;23.50;53.57;2.50;3.50;791.57;
2021-11-19 11:45:00;23.49;53.37;2.13;3.13;772.53;
2021-11-19 11:40:00;23.46;53.59;2.29;3.29;805.81;
2021-11-19 11:35:00;23.40;53.78;2.25;3.25;814.23;
2021-11-19 11:30:00;23.35;53.91;2.14;3.14;804.45;
2021-11-19 11:25:00;23.31;54.07;2.25;3.25;773.09;
2021-11-19 11:20:00;23.25;54.32;2.25;3.25;789.18;
2021-11-19 11:15:00;23.17;54.14;2.29;3.29;768.84;
2021-11-19 11:10:00;23.09;54.29;2.13;3.13;748.60;
2021-11-19 11:05:00;23.02;54.24;2.50;3.50;729.23;
2021-11-19 11:00:00;22.98;53.84;2.86;3.86;683.80;
2021-11-19 10:55:00;22.88;54.04;2.00;3.00;677.83;
2021-11-19 10:50:00;22.84;54.07;2.50;3.50;667.99;
2021-11-19 10:45:00;22.78;54.18;2.00;3.00;652.07;
2021-11-19 10:40:00;22.74;54.34;2.13;3.13;637.60;
2021-11-19 10:35:00;22.66;54.41;1.75;2.75;643.58;
2021-11-19 10:30:00;22.59;54.38;2.00;3.00;643.89;
2021-11-19 10:25:00;22.52;54.39;2.00;3.00;605.01;
2021-11-19 10:20:00;22.40;54.36;2.14;3.14;583.97;
2021-11-19 10:15:00;22.35;54.48;1.88;2.88;572.07;
2021-11-19 10:10:00;22.23;54.66;2.13;3.13;557.09;
2021-11-19 10:05:00;22.16;54.81;1.86;2.86;543.74;
2021-11-19 10:00:00;22.06;54.87;2.13;3.13;533.10;
2021-11-19 09:55:00;21.96;54.81;1.88;2.88;458.29;
2021-11-19 09:50:00;21.91;54.83;1.71;2.71;447.56;
2021-11-19 09:45:00;21.78;55.01;1.50;2.50;403.91;
2021-11-19 09:40:00;21.67;55.09;1.75;2.75;370.79;
2021-11-19 09:35:00;21.56;55.21;1.71;2.71;355.80;
2021-11-19 09:30:00;21.42;55.05;1.75;2.75;309.24;
2021-11-19 09:25:00;21.30;55.05;1.57;2.57;283.80;
2021-11-19 09:20:00;21.19;55.01;1.63;2.63;233.21;
2021-11-19 09:15:00;21.11;54.94;1.63;2.63;196.96;
2021-11-19 09:10:00;21.00;54.90;1.71;2.71;170.40;
2021-11-19 09:05:00;20.88;55.00;1.63;2.63;142.37;
2021-11-19 09:00:00;20.80;55.03;1.75;2.75;122.69;
2021-11-19 08:55:00;20.72;54.93;1.86;2.86;92.51;
2021-11-19 08:50:00;20.66;54.82;1.75;2.75;63.33;
2021-11-19 08:45:00;20.57;54.74;1.63;2.63;42.86;
2021-11-19 08:40:00;20.46;54.91;1.57;2.57;36.87;
2021-11-19 08:35:00;20.38;54.45;1.75;2.75;30.39;
2021-11-19 08:30:00;20.34;54.46;2.14;3.14;28.27;
2021-11-19 08:25:00;20.32;54.49;2.13;3.13;23.61;
2021-11-19 08:20:00;20.33;54.31;1.88;2.88;18.16;
2021-11-19 08:15:00;20.34;54.55;2.00;3.00;16.53;
2021-11-19 08:10:00;20.34;54.51;1.88;2.88;15.86;
2021-11-19 08:05:00;20.34;54.54;2.38;3.38;15.65;
2021-11-19 08:00:00;20.36;54.47;2.00;3.00;15.76;
2021-11-19 07:55:00;20.37;54.48;2.00;3.00;15.97;
2021-11-19 07:50:00;20.38;54.49;2.13;3.13;16.09;
2021-11-19 07:45:00;20.38;54.44;2.00;3.00;16.39;
2021-11-19 07:40:00;20.38;54.50;2.38;3.38;16.42;
2021-11-19 07:35:00;20.41;54.49;2.00;3.00;16.15;
2021-11-19 07:30:00;20.42;54.48;2.29;3.29;15.48;
2021-11-19 07:25:00;20.41;54.46;1.75;2.75;15.82;
2021-11-19 07:20:00;20.42;54.51;1.86;2.86;16.83;
2021-11-19 07:15:00;20.42;54.48;2.25;3.25;16.51;
2021-11-19 07:10:00;20.46;54.43;2.00;3.00;16.39;
2021-11-19 07:05:00;20.47;54.50;2.14;3.14;16.66;
2021-11-19 07:00:00;20.47;54.45;2.38;3.38;17.39;
2021-11-19 06:55:00;20.49;54.46;1.88;2.88;17.34;
2021-11-19 06:50:00;20.50;54.42;2.29;3.29;17.41;
2021-11-19 06:45:00;20.50;54.40;2.13;3.13;17.12;
2021-11-19 06:40:00;20.50;54.37;2.13;3.13;17.95;
2021-11-19 06:35:00;20.52;54.34;2.14;3.14;17.91;
2021-11-19 06:30:00;20.52;54.35;2.13;3.13;17.88;
2021-11-19 06:25:00;20.52;54.33;2.29;3.29;17.87;
2021-11-19 06:20:00;20.58;54.36;2.13;3.13;18.05;
2021-11-19 06:15:00;20.57;54.36;2.00;3.00;18.42;
2021-11-19 06:10:00;20.58;54.34;2.29;3.29;17.40;
2021-11-19 06:05:00;20.57;54.30;2.38;3.38;18.35;
2021-11-19 06:00:00;20.59;54.36;2.25;3.25;18.10;
2021-11-19 05:55:00;20.58;54.28;2.14;3.14;18.30;
2021-11-19 05:50:00;20.62;54.33;2.50;3.50;19.19;
2021-11-19 05:45:00;20.62;54.29;2.25;3.25;18.96;
2021-11-19 05:40:00;20.62;54.27;2.43;3.43;18.99;
2021-11-19 05:35:00;20.64;54.30;2.25;3.25;19.39;
2021-11-19 05:30:00;20.64;54.26;2.25;3.25;20.09;
2021-11-19 05:25:00;20.66;54.22;2.43;3.43;19.95;
2021-11-19 05:20:00;20.67;54.25;2.38;3.38;20.74;
2021-11-19 05:15:00;20.67;54.23;2.43;3.43;20.86;
2021-11-19 05:10:00;20.68;54.26;2.50;3.50;21.26;
2021-11-19 05:05:00;20.70;54.21;2.75;3.75;20.99;
2021-11-19 05:00:00;20.70;54.21;2.57;3.57;22.26;
2021-11-19 04:55:00;20.70;54.21;2.63;3.63;22.26;
2021-11-19 04:50:00;20.71;54.19;3.00;4.00;22.59;
2021-11-19 04:45:00;20.72;54.21;2.86;3.86;22.77;
2021-11-19 04:40:00;20.73;54.15;2.88;3.88;22.51;
2021-11-19 04:35:00;20.75;54.14;2.63;3.63;23.76;
2021-11-19 04:30:00;20.75;54.15;2.71;3.71;23.49;
2021-11-19 04:25:00;20.78;54.11;2.88;3.88;25.35;
2021-11-19 04:20:00;20.80;54.12;2.57;3.57;24.90;
2021-11-19 04:15:00;20.80;54.15;3.13;4.13;26.12;
2021-11-19 04:10:00;20.78;54.10;3.13;4.13;25.82;
2021-11-19 04:05:00;20.82;54.13;3.00;4.00;26.25;
2021-11-19 04:00:00;20.82;54.08;3.00;4.00;27.46;
2021-11-19 03:55:00;20.86;54.12;3.25;4.25;26.23;
2021-11-19 03:50:00;20.86;54.07;3.00;4.00;27.61;
2021-11-19 03:45:00;20.89;54.10;3.13;4.13;28.99;
2021-11-19 03:40:00;20.88;54.04;3.25;4.25;29.90;
2021-11-19 03:35:00;20.88;54.07;3.43;4.43;29.99;
2021-11-19 03:30:00;20.90;54.02;2.88;3.88;30.60;
2021-11-19 03:25:00;20.94;53.99;3.50;4.50;30.51;
2021-11-19 03:20:00;20.94;54.00;3.29;4.29;31.93;
2021-11-19 03:15:00;20.95;53.95;3.25;4.25;31.49;
2021-11-19 03:10:00;20.95;54.03;3.86;4.86;32.53;
2021-11-19 03:05:00;20.98;53.97;3.63;4.63;33.79;
2021-11-19 03:00:00;20.99;53.97;3.50;4.50;34.13;
2021-11-19 02:55:00;20.99;53.92;3.57;4.57;34.43;
2021-11-19 02:50:00;20.99;53.96;3.63;4.63;35.32;
2021-11-19 02:45:00;21.00;53.98;3.63;4.63;37.27;
2021-11-19 02:40:00;21.03;53.94;3.86;4.86;36.86;
2021-11-19 02:35:00;21.03;53.96;3.88;4.88;38.39;
2021-11-19 02:30:00;21.07;53.97;4.00;5.00;39.39;
2021-11-19 02:25:00;21.10;53.92;4.00;5.00;39.51;
2021-11-19 02:20:00;21.10;53.89;3.63;4.63;40.60;
2021-11-19 02:15:00;21.12;53.89;4.38;5.38;40.98;
2021-11-19 02:10:00;21.12;53.91;4.14;5.14;40.84;
2021-11-19 02:05:00;21.13;53.86;4.25;5.25;43.29;
2021-11-19 02:00:00;21.17;53.85;4.14;5.14;44.05;
2021-11-19 01:55:00;21.16;53.85;3.75;4.75;44.70;
2021-11-19 01:50:00;21.19;53.86;4.13;5.13;45.94;
2021-11-19 01:45:00;21.20;53.81;4.29;5.29;46.56;
2021-11-19 01:40:00;21.23;53.79;4.50;5.50;48.08;
2021-11-19 01:35:00;21.20;53.80;4.13;5.13;48.18;
2021-11-19 01:30:00;21.25;53.85;4.86;5.86;48.97;
2021-11-19 01:25:00;21.28;53.77;4.38;5.38;50.82;
2021-11-19 01:20:00;21.28;53.75;4.63;5.63;50.82;
2021-11-19 01:15:00;21.30;53.75;4.29;5.29;51.90;
2021-11-19 01:10:00;21.33;53.75;4.75;5.75;53.12;
2021-11-19 01:05:00;21.33;53.73;4.88;5.88;54.46;
2021-11-19 01:00:00;21.36;53.68;4.43;5.43;53.41;
2021-11-19 00:55:00;21.36;53.75;4.63;5.63;55.58;
2021-11-19 00:50:00;21.37;53.64;5.86;6.86;57.54;
2021-11-19 00:45:00;21.38;53.66;5.38;6.38;59.60;
2021-11-19 00:40:00;21.44;53.58;5.50;6.50;61.67;
2021-11-19 00:35:00;21.43;53.58;5.57;6.57;61.67;
2021-11-19 00:30:00;21.47;53.59;5.38;6.38;62.83;
2021-11-19 00:25:00;21.47;53.57;5.50;6.50;64.76;
2021-11-19 00:20:00;21.50;53.53;5.00;6.00;66.35;
2021-11-19 00:15:00;21.51;53.53;5.13;6.13;68.46;
2021-11-19 00:10:00;21.54;53.52;5.75;6.75;68.84;
2021-11-19 00:05:00;21.54;53.47;5.71;6.71;71.81;
2021-11-19 00:00:00;21.57;53.45;5.88;6.88;73.46;
2021-11-18 23:55:00;21.60;53.44;6.86;7.86;74.80;
2021-11-18 23:50:00;21.65;53.35;5.75;6.75;77.68;
2021-11-18 23:45:00;21.63;53.32;6.13;7.13;79.43;
2021-11-18 23:40:00;21.67;53.35;6.00;7.00;80.46;
2021-11-18 23:35:00;21.68;53.30;5.88;6.88;81.49;
2021-11-18 23:30:00;21.73;53.25;6.88;7.88;85.20;
2021-11-18 23:25:00;21.73;53.19;6.71;7.71;87.04;
2021-11-18 23:20:00;21.74;53.21;7.13;8.13;88.93;
2021-11-18 23:15:00;21.77;53.17;7.13;8.13;90.96;
2021-11-18 23:10:00;21.78;53.13;6.29;7.29;93.27;
2021-11-18 23:05:00;21.83;53.11;6.75;7.75;95.63;
2021-11-18 23:00:00;21.87;53.03;7.38;8.38;98.80;
2021-11-18 22:55:00;21.87;53.03;7.86;8.86;100.60;
2021-11-18 22:50:00;21.94;52.99;7.50;8.50;104.19;
2021-11-18 22:45:00;21.94;52.92;8.86;9.86;106.62;
2021-11-18 22:40:00;21.98;52.91;8.13;9.13;110.18;
2021-11-18 22:35:00;22.04;52.89;8.25;9.25;114.16;
2021-11-18 22:30:00;22.05;52.84;8.57;9.57;117.50;
2021-11-18 22:25:00;22.09;52.82;9.00;10.00;120.90;
2021-11-18 22:20:00;22.11;52.78;8.38;9.38;125.35;
2021-11-18 22:15:00;22.15;52.72;9.71;10.71;129.53;
2021-11-18 22:10:00;22.17;52.66;9.13;10.13;134.14;
2021-11-18 22:05:00;22.23;52.69;9.63;10.63;139.08;
2021-11-18 22:00:00;22.26;52.59;10.14;11.14;143.04;
2021-11-18 21:55:00;22.30;52.56;11.13;12.13;149.73;
2021-11-18 21:50:00;22.34;52.57;9.75;10.75;154.86;
2021-11-18 21:45:00;22.35;52.52;11.29;12.29;161.59;
2021-11-18 21:40:00;22.42;52.44;10.38;11.38;168.01;
2021-11-18 21:35:00;22.48;52.40;12.00;13.00;175.04;
2021-11-18 21:30:00;22.52;52.38;12.25;13.25;182.63;
2021-11-18 21:25:00;22.56;52.34;12.63;13.63;190.01;
2021-11-18 21:20:00;22.64;52.32;13.29;14.29;198.99;
2021-11-18 21:15:00;22.67;52.30;13.38;14.38;206.39;
2021-11-18 21:10:00;22.74;52.25;12.75;13.75;217.31;
2021-11-18 21:05:00;22.79;52.25;13.71;14.71;227.66;
2021-11-18 21:00:00;22.84;52.23;13.50;14.50;239.94;
2021-11-18 20:55:00;22.89;52.18;14.00;15.00;251.13;
2021-11-18 20:50:00;22.97;52.12;14.14;15.14;262.79;
2021-11-18 20:45:00;23.05;52.14;13.75;14.75;274.55;
2021-11-18 20:40:00;23.05;52.06;15.13;16.13;285.98;
2021-11-18 20:35:00;23.10;52.10;14.86;15.86;286.88;
2021-11-18 20:30:00;23.15;52.18;15.25;16.25;284.97;
2021-11-18 20:25:00;23.18;52.16;15.00;16.00;289.62;
2021-11-18 20:20:00;23.19;52.16;14.43;15.43;298.04;
2021-11-18 20:15:00;23.22;52.13;16.63;17.63;307.00;
2021-11-18 20:10:00;23.25;52.08;16.00;17.00;318.67;
2021-11-18 20:05:00;23.33;51.98;16.25;17.25;341.50;
2021-11-18 20:00:00;23.45;51.81;14.75;15.75;373.99;
2021-11-18 19:55:00;23.50;51.48;14.29;15.29;364.04;
2021-11-18 19:50:00;23.54;51.32;15.63;16.63;352.47;
2021-11-18 19:45:00;23.62;51.32;14.38;15.38;353.73;
2021-11-18 19:40:00;23.67;51.29;14.86;15.86;357.46;
2021-11-18 19:35:00;23.67;51.25;14.50;15.50;365.21;
2021-11-18 19:30:00;23.77;51.37;12.63;13.63;385.42;
2021-11-18 19:25:00;23.85;51.38;11.86;12.86;371.54;
2021-11-18 19:20:00;23.87;51.37;11.38;12.38;367.06;
2021-11-18 19:15:00;23.88;51.47;11.63;12.63;370.91;
2021-11-18 19:10:00;23.87;51.32;13.86;14.86;363.02;
2021-11-18 19:05:00;23.93;51.17;10.88;11.88;366.99;
2021-11-18 19:00:00;23.96;51.47;12.75;13.75;380.90;
2021-11-18 18:55:00;23.96;51.38;14.71;15.71;385.24;
2021-11-18 18:50:00;23.99;51.29;13.25;14.25;393.22;
2021-11-18 18:45:00;24.01;51.67;15.00;16.00;414.41;
2021-11-18 18:40:00;24.05;51.68;14.25;15.25;427.48;
2021-11-18 18:35:00;24.05;52.12;14.13;15.13;434.75;
2021-11-18 18:30:00;24.03;52.34;15.43;16.43;451.21;
2021-11-18 18:25:00;24.03;52.45;15.00;16.00;461.84;
2021-11-18 18:20:00;24.03;52.47;15.38;16.38;468.39;
2021-11-18 18:15:00;24.02;52.76;14.14;15.14;465.39;
2021-11-18 18:10:00;24.01;52.66;13.38;14.38;472.31;
2021-11-18 18:05:00;24.05;52.73;13.88;14.88;479.54;
2021-11-18 18:00:00;24.07;52.92;12.71;13.71;466.39;
2021-11-18 17:55:00;24.05;52.93;12.63;13.63;464.86;
2021-11-18 17:50:00;24.03;52.69;12.29;13.29;442.07;
2021-11-18 17:45:00;24.05;52.78;13.29;14.29;441.99;
2021-11-18 17:40:00;24.11;52.88;12.13;13.13;454.69;
2021-11-18 17:35:00;24.10;52.91;10.50;11.50;454.59;
2021-11-18 17:30:00;24.09;52.85;11.29;12.29;458.99;
2021-11-18 17:25:00;24.11;53.07;9.63;10.63;461.64;
2021-11-18 17:20:00;24.13;53.01;8.57;9.57;464.55;
2021-11-18 17:15:00;24.13;53.06;10.13;11.13;446.79;
2021-11-18 17:10:00;24.11;53.10;9.25;10.25;438.53;
2021-11-18 17:05:00;24.11;53.32;8.86;9.86;447.53;
2021-11-18 17:00:00;24.11;53.35;7.88;8.88;449.69;
2021-11-18 16:55:00;24.07;53.23;5.75;6.75;438.01;
2021-11-18 16:50:00;24.03;53.31;4.43;5.43;442.01;
2021-11-18 16:45:00;24.05;53.37;2.13;3.13;421.18;
2021-11-18 16:40:00;24.02;53.53;2.25;3.25;418.54;
2021-11-18 16:35:00;23.98;53.53;2.43;3.43;391.99;
2021-11-18 16:30:00;23.98;53.43;2.38;3.38;390.72;
2021-11-18 16:25:00;23.97;53.60;2.38;3.38;380.38;
2021-11-18 16:20:00;23.94;53.74;2.86;3.86;379.13;
2021-11-18 16:15:00;23.94;53.86;3.00;4.00;365.52;
2021-11-18 16:10:00;23.92;53.93;3.50;4.50;345.32;
2021-11-18 16:05:00;23.88;53.69;3.86;4.86;309.03;
2021-11-18 16:00:00;23.94;53.47;4.38;5.38;431.95;
2021-11-18 15:55:00;23.94;53.75;3.86;4.86;454.38;
2021-11-18 15:50:00;23.96;53.92;3.50;4.50;454.60;
2021-11-18 15:45:00;23.94;53.85;4.00;5.00;459.66;
2021-11-18 15:40:00;23.97;53.84;3.43;4.43;503.60;
2021-11-18 15:35:00;23.98;53.62;3.63;4.63;540.94;
2021-11-18 15:30:00;24.01;53.75;3.75;4.75;544.36;
2021-11-18 15:25:00;24.03;53.42;4.14;5.14;578.20;
2021-11-18 15:20:00;24.09;53.55;4.88;5.88;611.97;
2021-11-18 15:15:00;24.11;53.55;4.75;5.75;687.79;
2021-11-18 15:10:00;24.16;53.58;7.29;8.29;701.50;
2021-11-18 15:05:00;24.24;53.25;3.63;4.63;707.63;
2021-11-18 15:00:00;24.25;53.20;2.75;3.75;742.25;
2021-11-18 14:55:00;24.31;53.25;2.57;3.57;758.73;
2021-11-18 14:50:00;24.32;53.22;2.38;3.38;786.46;
2021-11-18 14:45:00;24.32;53.22;2.38;3.38;759.11;
2021-11-18 14:40:00;24.33;53.25;2.86;3.86;777.47;
2021-11-18 14:35:00;24.31;53.28;2.63;3.63;787.56;
2021-11-18 14:30:00;24.32;53.35;2.71;3.71;830.90;
2021-11-18 14:25:00;24.29;53.46;2.75;3.75;815.11;
2021-11-18 14:20:00;24.27;53.41;3.38;4.38;801.97;
2021-11-18 14:15:00;24.27;53.38;2.86;3.86;800.83;
2021-11-18 14:10:00;24.27;53.44;3.25;4.25;793.94;
2021-11-18 14:05:00;24.23;53.61;3.38;4.38;796.33;
2021-11-18 14:00:00;24.18;53.75;3.57;4.57;778.51;
2021-11-18 13:55:00;24.19;53.56;3.00;4.00;784.80;
2021-11-18 13:50:00;24.13;53.57;3.38;4.38;778.61;
2021-11-18 13:45:00;24.11;53.51;3.29;4.29;782.40;
2021-11-18 13:40:00;24.05;53.50;3.25;4.25;767.65;
2021-11-18 13:35:00;24.05;53.48;3.00;4.00;743.20;
2021-11-18 13:30:00;24.01;53.53;3.57;4.57;778.78;
2021-11-18 13:25:00;24.02;53.57;3.25;4.25;758.15;
2021-11-18 13:20:00;24.02;53.44;4.00;5.00;781.27;
2021-11-18 13:15:00;24.01;53.53;3.71;4.71;747.72;
2021-11-18 13:10:00;23.98;53.36;3.63;4.63;730.01;
2021-11-18 13:05:00;23.96;53.37;3.88;4.88;745.75;
2021-11-18 13:00:00;23.97;53.42;4.29;5.29;732.22;
2021-11-18 12:55:00;23.96;53.45;4.00;5.00;720.82;
2021-11-18 12:50:00;23.93;53.29;4.29;5.29;695.07;
2021-11-18 12:45:00;23.89;53.41;4.13;5.13;686.28;
2021-11-18 12:40:00;23.92;53.48;4.25;5.25;674.97;
2021-11-18 12:35:00;23.87;53.41;3.57;4.57;651.41;
2021-11-18 12:30:00;23.83;53.37;4.13;5.13;638.42;
2021-11-18 12:25:00;23.83;53.39;4.00;5.00;632.17;
2021-11-18 12:20:00;23.79;53.35;3.86;4.86;596.05;
2021-11-18 12:15:00;23.79;53.25;3.88;4.88;587.11;
2021-11-18 12:10:00;23.73;53.36;3.38;4.43;573.82;
2021-11-18 12:05:00;23.74;53.30;3.43;4.43;576.05;
2021-11-18 12:00:00;23.70;53.50;3.63;4.63;583.77;
2021-11-18 11:55:00;23.69;53.59;3.50;4.50;597.21;
2021-11-18 11:50:00;23.62;53.59;3.71;4.71;580.80;
2021-11-18 11:45:00;23.58;53.36;3.50;4.50;614.66;
2021-11-18 11:40:00;23.58;53.59;3.50;4.50;581.52;
2021-11-18 11:35:00;23.57;53.37;3.00;4.00;561.98;
2021-11-18 11:30:00;23.54;53.17;2.88;3.88;547.00;
2021-11-18 11:25:00;23.54;53.16;3.29;4.29;555.95;
2021-11-18 11:20:00;23.50;53.28;2.75;3.75;546.79;
2021-11-18 11:15:00;23.52;53.21;3.13;4.13;550.19;
2021-11-18 11:10:00;23.48;53.31;2.71;3.71;566.56;
2021-11-18 11:05:00;23.48;53.76;3.13;4.13;589.00;
2021-11-18 11:00:00;23.41;53.73;3.25;4.25;580.31;
2021-11-18 10:55:00;-;-;3.50;4.50;-;
2021-11-18 10:50:00;23.33;53.56;3.00;4.00;548.19;
2021-11-18 10:45:00;23.27;53.79;2.75;3.75;551.61;
2021-11-18 10:40:00;23.21;53.72;3.25;4.25;528.35;
2021-11-18 10:35:00;23.17;53.77;2.86;3.86;534.71;
2021-11-18 10:30:00;23.10;53.67;2.63;3.63;532.66;
2021-11-18 10:25:00;23.02;53.80;3.14;4.14;523.12;
2021-11-18 10:20:00;22.98;53.64;2.88;3.88;516.87;
2021-11-18 10:15:00;22.92;53.91;4.00;5.00;543.41;
2021-11-18 10:10:00;22.84;53.70;3.86;4.86;515.09;
2021-11-18 10:05:00;22.77;53.72;3.50;4.50;559.27;
2021-11-18 10:00:00;22.69;54.07;3.63;4.63;548.82;
2021-11-18 09:55:00;22.54;54.24;3.57;4.57;529.94;
2021-11-18 09:50:00;22.36;54.27;3.63;4.63;513.34;
2021-11-18 09:45:00;22.22;54.50;3.63;4.63;469.62;
2021-11-18 09:40:00;22.00;54.35;3.71;4.71;441.26;
2021-11-18 09:35:00;21.85;54.56;4.00;5.00;437.68;
2021-11-18 09:30:00;21.68;54.66;3.57;4.57;437.36;
2021-11-18 09:25:00;21.50;54.60;3.88;4.88;378.14;
2021-11-18 09:20:00;21.33;54.27;3.88;4.88;332.27;
2021-11-18 09:15:00;21.21;54.38;3.14;4.14;287.04;
2021-11-18 09:10:00;21.10;54.41;3.88;4.88;226.48;
2021-11-18 09:05:00;21.03;53.85;4.13;5.13;186.75;
2021-11-18 09:00:00;20.95;53.84;4.29;5.29;150.45;
2021-11-18 08:55:00;20.86;53.75;4.13;5.13;126.26;
2021-11-18 08:50:00;20.78;53.75;4.38;5.38;103.16;
2021-11-18 08:45:00;20.68;53.79;4.43;5.43;82.70;
2021-11-18 08:40:00;20.59;53.64;3.75;4.75;81.81;
2021-11-18 08:35:00;20.57;53.24;3.88;4.88;74.99;
2021-11-18 08:30:00;20.49;52.69;3.86;4.86;55.68;
2021-11-18 08:25:00;20.44;52.87;4.00;5.00;47.70;
2021-11-18 08:20:00;20.42;52.89;3.88;4.88;31.79;
2021-11-18 08:15:00;20.44;52.78;3.86;4.86;25.20;
2021-11-18 08:10:00;-;-;3.00;4.00;24.44;
2021-11-18 08:00:00;-;-;4.00;5.00;-;
2021-11-18 07:55:00;20.49;52.74;4.38;5.38;24.54;
2021-11-18 07:50:00;20.47;52.84;3.86;4.86;24.99;
2021-11-18 07:45:00;20.49;52.71;4.25;5.25;25.55;
2021-11-18 07:40:00;20.49;52.69;4.00;5.00;25.14;
2021-11-18 07:35:00;20.50;52.66;4.14;5.14;24.71;
2021-11-18 07:30:00;20.52;52.67;4.13;5.13;24.13;
2021-11-18 07:25:00;20.52;52.65;4.50;5.50;24.44;
2021-11-18 07:20:00;20.52;52.50;4.29;5.29;25.74;
2021-11-18 07:15:00;20.54;52.60;4.14;5.14;24.83;
2021-11-18 07:10:00;20.54;52.54;4.13;5.13;24.54;
2021-11-18 07:05:00;20.57;52.51;4.43;5.43;24.62;
2021-11-18 07:00:00;20.55;52.33;4.00;5.00;24.82;
2021-11-18 06:55:00;20.58;52.45;4.29;5.29;24.60;
2021-11-18 06:50:00;20.59;52.47;4.13;5.13;24.98;
2021-11-18 06:45:00;20.59;52.38;4.50;5.50;24.71;
2021-11-18 06:40:00;20.62;52.27;4.14;5.14;25.11;
2021-11-18 06:35:00;20.62;52.12;4.13;5.13;25.23;
2021-11-18 06:30:00;20.63;52.26;4.29;5.29;25.73;
2021-11-18 06:25:00;20.64;52.17;4.57;5.57;25.54;
2021-11-18 06:20:00;20.64;52.04;4.25;5.25;26.29;
2021-11-18 06:15:00;20.67;52.03;4.50;5.50;25.08;
2021-11-18 06:10:00;20.67;52.01;4.57;5.57;25.59;
2021-11-18 06:05:00;20.68;52.01;4.50;5.50;26.02;
2021-11-18 06:00:00;20.67;52.00;5.00;6.00;25.80;
2021-11-18 05:55:00;20.68;52.06;4.29;5.29;25.91;
2021-11-18 05:50:00;20.70;51.99;4.88;5.88;26.55;
2021-11-18 05:45:00;20.71;51.83;4.71;5.71;26.28;
2021-11-18 05:40:00;20.71;51.70;4.88;5.88;25.96;
2021-11-18 05:35:00;20.71;51.73;4.63;5.63;26.64;
2021-11-18 05:30:00;20.72;51.72;4.86;5.86;25.42;
2021-11-18 05:25:00;20.73;51.65;4.63;5.63;26.52;
2021-11-18 05:20:00;20.76;51.51;4.75;5.75;26.84;
2021-11-18 05:15:00;20.75;51.61;5.29;6.29;26.91;
2021-11-18 05:10:00;20.78;51.54;4.75;5.75;27.21;
2021-11-18 05:05:00;20.78;51.49;5.25;6.25;26.80;
2021-11-18 05:00:00;20.80;51.44;4.43;5.43;27.00;
2021-11-18 04:55:00;20.80;51.54;5.00;6.00;26.97;
2021-11-18 04:50:00;20.81;51.37;5.43;6.43;27.99;
2021-11-18 04:45:00;20.81;51.36;5.13;6.13;27.86;
2021-11-18 04:40:00;20.82;51.17;4.88;5.88;28.11;
2021-11-18 04:35:00;20.84;51.19;5.14;6.14;28.26;
2021-11-18 04:30:00;20.85;51.12;4.88;5.88;28.84;
2021-11-18 04:25:00;20.88;51.07;5.25;6.25;29.29;
2021-11-18 04:20:00;20.85;51.05;4.86;5.86;29.11;
2021-11-18 04:15:00;20.90;51.02;4.88;5.88;29.43;
2021-11-18 04:10:00;20.89;50.95;5.63;6.63;30.20;
2021-11-18 04:05:00;20.89;50.89;5.14;6.14;29.89;
2021-11-18 04:00:00;20.90;50.87;5.25;6.25;30.90;
2021-11-18 03:55:00;20.94;50.81;5.25;6.25;30.50;
2021-11-18 03:50:00;20.95;50.77;5.14;6.14;31.36;
2021-11-18 03:45:00;20.94;50.63;5.43;6.43;31.56;
2021-11-18 03:40:00;20.95;50.53;5.43;6.43;32.21;
2021-11-18 03:35:00;20.96;50.65;5.50;6.50;32.78;
2021-11-18 03:30:00;20.98;50.57;5.88;6.88;33.39;
2021-11-18 03:25:00;20.99;50.37;5.57;6.57;33.65;
2021-11-18 03:20:00;21.00;50.40;5.38;6.38;34.34;
2021-11-18 03:15:00;21.02;50.45;5.63;6.63;35.09;
2021-11-18 03:10:00;21.00;50.43;5.57;6.57;35.86;
2021-11-18 03:05:00;21.03;50.29;5.75;6.75;36.44;
2021-11-18 03:00:00;21.04;50.31;6.00;7.00;37.62;
2021-11-18 02:55:00;21.11;50.34;6.14;7.14;37.46;
2021-11-18 02:50:00;21.04;50.28;5.75;6.75;38.71;
2021-11-18 02:45:00;21.10;50.28;5.88;6.88;38.80;
2021-11-18 02:40:00;21.10;50.23;6.43;7.43;39.20;
2021-11-18 02:35:00;21.12;50.24;6.38;7.38;40.08;
2021-11-18 02:30:00;21.13;50.19;6.57;7.57;40.73;
2021-11-18 02:25:00;21.12;50.14;6.13;7.13;41.46;
2021-11-18 02:20:00;21.15;50.09;6.00;7.00;41.94;
2021-11-18 02:15:00;21.16;50.10;5.86;6.86;42.74;
2021-11-18 02:10:00;21.16;50.06;6.75;7.75;43.74;
2021-11-18 02:05:00;21.19;50.03;6.13;7.13;44.30;
2021-11-18 02:00:00;21.19;50.03;6.57;7.57;44.76;
2021-11-18 01:55:00;21.23;49.99;6.38;7.38;46.65;
2021-11-18 01:50:00;21.21;50.01;7.00;8.00;47.26;
2021-11-18 01:45:00;21.23;49.92;6.43;7.43;46.19;
2021-11-18 01:40:00;21.26;49.88;6.50;7.50;47.86;
2021-11-18 01:35:00;21.29;49.94;6.75;7.75;48.30;
2021-11-18 01:30:00;21.29;49.85;6.14;7.14;49.02;
2021-11-18 01:25:00;21.32;49.81;6.50;7.50;49.31;
2021-11-18 01:20:00;21.34;49.85;6.75;7.75;49.74;
2021-11-18 01:15:00;21.34;49.76;6.43;7.43;50.54;
2021-11-18 01:10:00;21.34;49.84;6.63;7.63;51.88;
2021-11-18 01:05:00;21.37;49.74;6.86;7.86;52.10;
2021-11-18 01:00:00;21.40;49.73;6.50;7.50;53.96;
2021-11-18 00:55:00;21.42;49.64;6.88;7.88;55.28;
2021-11-18 00:50:00;21.42;49.62;6.57;7.57;54.36;
2021-11-18 00:45:00;21.43;49.62;6.63;7.63;56.56;
2021-11-18 00:40:00;21.46;49.57;6.38;7.38;57.53;
2021-11-18 00:35:00;21.48;49.60;6.71;7.71;57.61;
2021-11-18 00:30:00;21.48;49.52;6.38;7.38;59.45;
2021-11-18 00:25:00;21.51;49.48;6.25;7.25;60.03;
2021-11-18 00:20:00;21.52;49.46;6.00;7.00;61.05;
2021-11-18 00:15:00;21.52;49.40;6.88;7.88;62.37;
2021-11-18 00:10:00;21.56;49.32;6.63;7.63;64.16;
2021-11-18 00:05:00;21.59;49.35;6.57;7.57;65.46;
2021-11-18 00:00:00;21.60;49.28;6.63;7.63;67.21;
2021-11-17 23:55:00;21.63;49.25;6.71;7.71;68.45;
2021-11-17 23:50:00;21.67;49.19;6.25;7.25;69.82;
2021-11-17 23:45:00;21.67;49.18;6.25;7.25;71.34;
2021-11-17 23:40:00;21.69;49.09;6.29;7.29;72.75;
2021-11-17 23:35:00;21.73;49.11;6.00;7.00;75.18;
2021-11-17 23:30:00;21.76;49.05;6.25;7.25;77.21;
2021-11-17 23:25:00;21.78;49.02;6.57;7.57;79.50;
2021-11-17 23:20:00;21.79;48.99;6.38;7.38;81.21;
2021-11-17 23:15:00;21.79;48.93;6.63;7.63;83.48;
2021-11-17 23:10:00;21.85;48.86;6.57;7.57;85.68;
2021-11-17 23:05:00;21.85;48.93;6.50;7.50;87.18;
2021-11-17 23:00:00;21.90;48.85;6.63;7.63;90.79;
2021-11-17 22:55:00;21.94;48.82;6.71;7.71;94.09;
2021-11-17 22:50:00;21.94;48.80;6.50;7.50;96.71;
2021-11-17 22:45:00;21.98;48.67;6.25;7.25;99.53;
2021-11-17 22:40:00;22.00;48.65;6.29;7.29;103.30;
2021-11-17 22:35:00;22.03;48.60;6.13;7.13;105.98;
2021-11-17 22:30:00;22.06;48.59;6.57;7.57;108.52;
2021-11-17 22:25:00;22.09;48.52;6.63;7.63;111.25;
2021-11-17 22:20:00;22.15;48.54;6.38;7.38;113.92;
2021-11-17 22:15:00;22.16;48.58;6.57;7.57;114.25;
2021-11-17 22:10:00;22.21;48.55;6.38;7.38;117.58;
2021-11-17 22:05:00;22.23;48.44;6.75;7.75;122.63;
2021-11-17 22:00:00;22.25;48.44;5.43;6.43;126.79;
2021-11-17 21:55:00;22.31;48.47;6.13;7.13;128.76;
2021-11-17 21:50:00;22.35;48.37;6.14;7.14;133.30;
2021-11-17 21:45:00;22.38;48.40;5.57;6.57;138.27;
2021-11-17 21:40:00;22.44;48.33;5.50;6.50;144.21;
2021-11-17 21:35:00;22.46;48.39;5.63;6.63;146.30;
2021-11-17 21:30:00;22.50;48.30;6.00;7.00;152.25;
2021-11-17 21:25:00;22.56;48.30;5.25;6.25;157.74;
2021-11-17 21:20:00;22.59;48.29;5.88;6.88;163.71;
2021-11-17 21:15:00;22.60;48.27;6.00;7.00;170.77;
2021-11-17 21:10:00;22.64;48.29;5.38;6.38;177.09;
2021-11-17 21:05:00;22.67;48.30;5.86;6.86;185.64;
2021-11-17 21:00:00;22.70;48.29;5.63;6.63;191.18;
2021-11-17 20:55:00;22.75;48.35;5.86;6.86;195.11;
2021-11-17 20:50:00;22.73;48.35;5.14;6.14;202.39;
2021-11-17 20:45:00;22.77;48.24;6.00;7.00;209.23;
2021-11-17 20:40:00;22.79;48.24;5.38;6.38;214.75;
2021-11-17 20:35:00;22.87;48.13;5.14;6.14;224.49;
2021-11-17 20:30:00;22.93;48.07;4.88;5.88;233.05;
2021-11-17 20:25:00;22.97;48.22;5.25;6.25;235.62;
2021-11-17 20:20:00;22.95;48.04;5.43;6.43;233.85;
2021-11-17 20:15:00;23.01;48.00;5.25;6.25;235.81;
2021-11-17 20:10:00;23.02;47.99;5.00;6.00;248.57;
2021-11-17 20:05:00;23.10;47.88;4.43;5.43;268.67;
2021-11-17 20:00:00;23.13;47.88;5.38;6.38;283.75;
2021-11-17 19:55:00;23.22;47.96;4.75;5.75;301.22;
2021-11-17 19:50:00;23.26;47.90;4.43;5.43;313.05;
2021-11-17 19:45:00;23.32;48.03;4.63;5.63;333.19;
2021-11-17 19:40:00;23.33;48.03;4.71;5.71;332.45;
2021-11-17 19:35:00;23.39;47.99;4.25;5.25;308.34;
2021-11-17 19:30:00;23.41;47.63;4.63;5.63;304.99;
2021-11-17 19:25:00;23.48;47.44;4.43;5.43;320.01;
2021-11-17 19:20:00;23.49;47.77;4.75;5.75;337.34;
2021-11-17 19:15:00;23.54;47.75;4.38;5.38;338.78;
2021-11-17 19:10:00;23.58;47.71;4.29;5.29;361.39;
2021-11-17 19:05:00;23.63;47.85;4.88;5.88;383.25;
2021-11-17 19:00:00;23.67;47.78;4.25;5.25;409.77;
2021-11-17 18:55:00;23.69;47.85;4.86;5.86;418.02;
2021-11-17 18:50:00;23.71;47.91;5.00;6.00;422.17;
2021-11-17 18:45:00;23.76;47.47;5.00;6.00;429.22;
2021-11-17 18:40:00;23.77;47.56;5.71;6.71;447.23;
2021-11-17 18:35:00;23.79;47.71;5.75;6.75;451.15;
2021-11-17 18:30:00;23.81;47.49;6.25;7.25;465.68;
2021-11-17 18:25:00;23.83;47.41;6.43;7.43;474.26;
2021-11-17 18:20:00;23.84;47.49;7.00;8.00;475.35;
2021-11-17 18:15:00;23.85;47.27;7.00;8.00;481.14;
2021-11-17 18:10:00;23.92;47.17;7.86;8.86;478.03;
2021-11-17 18:05:00;23.93;47.16;7.50;8.50;482.61;
2021-11-17 18:00:00;23.97;47.28;8.00;9.00;475.85;
2021-11-17 17:55:00;24.02;46.89;6.50;7.50;485.59;
2021-11-17 17:50:00;24.03;46.83;8.50;9.50;461.45;
2021-11-17 17:45:00;24.03;46.40;7.43;8.43;453.27;
2021-11-17 17:40:00;24.09;46.16;8.63;9.63;456.51;
2021-11-17 17:35:00;24.13;46.01;7.00;8.00;470.74;
2021-11-17 17:30:00;24.11;45.80;8.00;9.00;461.63;
2021-11-17 17:25:00;24.14;45.53;7.50;8.50;432.04;
2021-11-17 17:20:00;24.19;45.55;6.13;7.13;432.00;
2021-11-17 17:15:00;24.24;45.22;6.43;7.43;445.40;
2021-11-17 17:10:00;24.27;45.19;5.88;6.88;460.79;
2021-11-17 17:05:00;24.32;45.03;4.50;5.50;449.27;
2021-11-17 17:00:00;-;44.89;5.00;6.00;462.27;
2021-11-17 16:55:00;24.40;44.60;4.88;5.88;445.87;
2021-11-17 16:50:00;24.43;44.61;4.00;5.00;464.34;
2021-11-17 16:45:00;24.47;44.53;4.43;5.43;480.54;
2021-11-17 16:40:00;24.47;44.47;4.25;5.25;473.78;
2021-11-17 16:35:00;24.46;44.46;4.57;5.57;478.48;
2021-11-17 16:30:00;24.45;44.50;5.75;6.75;475.46;
2021-11-17 16:25:00;24.36;44.32;5.50;6.50;475.97;
2021-11-17 16:20:00;24.38;44.40;5.43;6.43;479.49;
2021-11-17 16:15:00;24.35;44.38;6.88;7.88;475.22;
2021-11-17 16:10:00;24.32;44.32;7.25;8.25;479.86;
2021-11-17 16:05:00;24.27;44.39;6.71;7.71;482.23;
2021-11-17 16:00:00;24.20;44.51;8.75;9.75;481.71;
2021-11-17 15:55:00;24.20;44.40;8.88;9.88;476.76;
2021-11-17 15:50:00;24.16;44.50;10.57;11.57;461.59;
2021-11-17 15:45:00;24.11;44.42;10.13;11.13;434.01;
2021-11-17 15:40:00;24.09;44.21;11.25;12.25;444.12;
2021-11-17 15:35:00;24.07;44.74;11.57;12.57;457.65;
2021-11-17 15:30:00;24.11;44.12;11.63;12.63;421.59;
2021-11-17 15:25:00;24.15;44.66;13.38;14.38;548.03;
2021-11-17 15:20:00;24.23;44.72;13.29;14.29;675.42;
2021-11-17 15:15:00;24.31;44.65;14.75;15.75;650.81;
2021-11-17 15:10:00;24.40;44.75;13.71;14.71;730.30;
2021-11-17 15:05:00;24.45;45.28;13.13;14.13;892.38;
2021-11-17 15:00:00;24.55;45.46;10.50;11.50;917.72;
2021-11-17 14:55:00;24.59;45.48;9.86;10.86;924.27;
2021-11-17 14:50:00;24.60;45.17;8.75;9.75;926.14;
2021-11-17 14:45:00;24.62;45.00;7.88;8.88;896.30;
2021-11-17 14:40:00;24.64;45.00;7.29;8.29;897.37;
2021-11-17 14:35:00;24.68;45.04;8.63;9.63;909.64;
2021-11-17 14:30:00;24.64;45.17;8.13;9.13;923.42;
2021-11-17 14:25:00;24.62;45.29;7.14;8.14;920.46;
2021-11-17 14:20:00;24.59;45.22;7.00;8.00;906.54;
2021-11-17 14:15:00;24.54;45.29;7.75;8.75;919.97;
2021-11-17 14:10:00;24.43;45.25;7.29;8.29;942.01;
2021-11-17 14:05:00;24.38;45.64;8.13;9.13;961.18;
2021-11-17 14:00:00;24.32;45.33;7.75;8.75;918.45;
2021-11-17 13:55:00;24.27;45.31;7.57;8.57;859.22;
2021-11-17 13:50:00;24.19;45.25;8.00;9.00;850.90;
2021-11-17 13:45:00;24.16;45.14;9.14;10.14;843.23;
2021-11-17 13:40:00;24.13;45.14;8.63;9.63;838.14;
2021-11-17 13:35:00;24.10;44.98;8.75;9.75;819.72;
2021-11-17 13:30:00;24.09;45.03;9.14;10.14;801.26;
2021-11-17 13:25:00;24.02;44.74;8.88;9.88;795.25;
2021-11-17 13:20:00;24.01;44.72;8.00;9.00;793.28;
2021-11-17 13:15:00;23.98;44.51;8.14;9.14;758.09;
2021-11-17 13:10:00;23.97;44.32;8.00;9.00;751.24;
2021-11-17 13:05:00;23.98;44.41;8.13;9.13;727.15;
2021-11-17 13:00:00;23.97;44.24;8.86;9.86;721.01;
2021-11-17 12:55:00;23.97;44.38;8.63;9.63;722.22;
2021-11-17 12:50:00;23.92;44.36;8.38;9.38;719.19;
2021-11-17 12:45:00;23.89;44.48;7.71;8.71;717.99;
2021-11-17 12:40:00;23.85;44.72;7.25;8.25;745.62;
2021-11-17 12:35:00;23.74;44.83;7.00;8.00;759.06;
2021-11-17 12:30:00;23.66;44.54;7.00;8.00;702.57;
2021-11-17 12:25:00;23.62;44.35;6.63;7.63;693.04;
2021-11-17 12:20:00;23.55;44.25;8.00;9.00;638.42;
2021-11-17 12:15:00;23.53;44.04;7.13;8.13;595.55;
2021-11-17 12:10:00;23.50;43.82;6.50;7.50;566.12;
2021-11-17 12:05:00;23.48;43.78;6.57;7.57;551.42;
2021-11-17 12:00:00;23.45;43.73;5.88;6.88;528.22;
2021-11-17 11:55:00;23.40;43.60;6.00;7.00;506.47;
2021-11-17 11:50:00;23.40;43.46;5.71;6.71;512.60;
2021-11-17 11:45:00;23.41;43.47;5.88;6.88;512.03;
2021-11-17 11:40:00;23.41;43.59;6.25;7.25;522.43;
2021-11-17 11:35:00;23.40;43.65;6.57;7.57;539.41;
2021-11-17 11:30:00;23.39;43.82;6.50;7.50;571.34;
2021-11-17 11:25:00;23.39;44.10;7.75;8.75;552.30;
2021-11-17 11:20:00;23.32;43.94;7.86;8.86;551.84;
2021-11-17 11:15:00;23.27;44.23;8.63;9.63;576.67;
2021-11-17 11:10:00;23.19;44.35;8.75;9.75;592.36;
2021-11-17 11:05:00;23.08;44.45;9.57;10.57;595.12;
2021-11-17 11:00:00;22.95;44.48;9.00;10.00;571.63;
2021-11-17 10:55:00;22.84;44.39;9.88;10.88;560.59;
2021-11-17 10:50:00;22.77;44.38;11.86;12.86;565.69;
2021-11-17 10:45:00;22.70;43.90;12.50;13.50;492.73;
2021-11-17 10:40:00;22.69;43.97;12.71;13.71;489.05;
2021-11-17 10:35:00;22.64;44.04;13.25;14.25;491.51;
2021-11-17 10:30:00;22.60;43.99;12.50;13.50;474.16;
2021-11-17 10:25:00;22.56;43.89;16.00;17.00;469.34;
2021-11-17 10:20:00;22.56;43.89;16.50;17.50;465.58;
2021-11-17 10:15:00;22.54;43.75;18.38;19.38;484.23;
2021-11-17 10:10:00;22.52;43.98;17.57;18.57;483.84;
2021-11-17 10:05:00;22.46;43.97;17.88;18.88;477.94;
2021-11-17 10:00:00;22.38;44.04;17.63;18.63;459.66;
2021-11-17 09:55:00;22.26;44.15;18.29;19.29;463.17;
2021-11-17 09:50:00;22.15;44.20;19.63;20.63;458.49;
2021-11-17 09:45:00;22.06;44.32;16.75;17.75;447.49;
2021-11-17 09:40:00;21.92;44.44;16.43;17.43;428.62;
2021-11-17 09:35:00;21.79;44.61;13.00;14.00;429.07;
2021-11-17 09:30:00;21.65;44.56;8.00;9.00;373.59;
2021-11-17 09:25:00;21.51;44.82;3.71;4.71;365.33;
2021-11-17 09:20:00;21.36;44.79;3.00;4.00;324.32;
2021-11-17 09:15:00;21.19;45.01;2.86;3.86;274.77;
2021-11-17 09:10:00;21.03;44.76;3.25;4.25;258.25;
2021-11-17 09:05:00;20.85;45.09;2.88;3.88;231.39;
2021-11-17 09:00:00;20.67;44.97;3.29;4.29;130.49;
2021-11-17 08:55:00;20.52;44.89;3.00;4.00;101.40;
2021-11-17 08:50:00;20.34;45.06;3.00;4.00;65.16;
2021-11-17 08:45:00;20.15;45.08;2.43;3.43;42.00;
2021-11-17 08:40:00;19.93;45.39;2.25;3.25;33.23;
2021-11-17 08:35:00;19.75;45.51;1.50;2.50;27.25;
2021-11-17 08:30:00;19.56;45.62;1.43;2.43;21.12;
2021-11-17 08:25:00;19.43;45.45;1.38;2.38;2.75;
2021-11-17 08:20:00;19.29;44.82;1.50;2.50;0;
2021-11-17 08:15:00;19.27;44.72;1.86;2.86;0;
2021-11-17 08:10:00;19.31;44.64;1.88;2.88;0;
2021-11-17 08:05:00;19.33;44.60;2.13;3.13;0;
2021-11-17 08:00:00;19.37;44.50;1.86;2.86;0;
2021-11-17 07:55:00;19.37;44.54;1.88;2.88;0;
2021-11-17 07:50:00;19.37;44.49;1.75;2.75;0;
2021-11-17 07:45:00;19.40;44.52;1.43;2.43;0;
2021-11-17 07:40:00;19.40;44.43;1.50;2.50;0;
2021-11-17 07:35:00;19.43;44.48;1.57;2.57;0;
2021-11-17 07:30:00;19.45;44.53;1.75;2.75;0;
2021-11-17 07:25:00;19.44;44.53;1.38;2.38;0;
2021-11-17 07:20:00;19.48;44.58;1.57;2.57;0;
2021-11-17 07:15:00;19.47;44.54;1.88;2.88;0;
2021-11-17 07:10:00;19.52;44.49;1.75;2.75;0;
2021-11-17 07:05:00;19.53;44.52;2.00;3.00;0;
2021-11-17 07:00:00;19.57;44.55;1.75;2.75;0;
2021-11-17 06:55:00;19.54;44.52;1.50;2.50;0;
2021-11-17 06:50:00;19.56;44.56;1.86;2.86;0;
2021-11-17 06:45:00;19.62;44.54;1.63;2.63;0;
2021-11-17 06:40:00;19.61;44.50;1.50;2.50;0;
2021-11-17 06:35:00;19.62;44.59;1.57;2.57;0;
2021-11-17 06:30:00;19.66;44.52;1.75;2.75;0;
2021-11-17 06:25:00;19.65;44.51;1.50;2.50;0;
2021-11-17 06:20:00;19.70;44.55;1.43;2.43;0;
2021-11-17 06:15:00;19.70;44.65;1.63;2.63;0;
2021-11-17 06:10:00;19.70;44.60;1.86;2.86;0;
2021-11-17 06:05:00;19.74;44.58;1.63;2.63;0;
2021-11-17 06:00:00;19.74;44.62;1.50;2.50;0;
2021-11-17 05:55:00;19.80;44.61;1.57;2.57;0;
2021-11-17 05:50:00;19.78;44.53;1.50;2.50;0;
2021-11-17 05:45:00;19.79;44.54;2.13;3.13;0;
2021-11-17 05:40:00;19.85;44.56;1.86;2.86;0;
2021-11-17 05:35:00;19.86;44.57;1.50;2.50;0;
2021-11-17 05:30:00;19.88;44.58;1.75;2.75;0;
2021-11-17 05:25:00;19.90;44.58;2.00;3.00;0;
2021-11-17 05:20:00;19.92;44.62;1.88;2.88;0;
2021-11-17 05:15:00;19.93;44.56;1.75;2.75;0;
2021-11-17 05:10:00;19.96;44.63;1.43;2.43;0;
2021-11-17 05:05:00;20.00;44.62;1.38;2.38;0;
2021-11-17 05:00:00;20.01;44.73;1.63;2.63;0;
2021-11-17 04:55:00;20.02;44.82;1.57;2.57;0;
2021-11-17 04:50:00;20.05;44.84;1.63;2.63;0;
2021-11-17 04:45:00;20.06;44.87;1.57;2.57;0;
2021-11-17 04:40:00;20.09;44.83;1.75;2.75;0;
2021-11-17 04:35:00;20.10;44.82;1.63;2.63;0;
2021-11-17 04:30:00;20.15;44.82;1.71;2.71;0;
2021-11-17 04:25:00;20.15;44.85;1.86;2.86;0;
2021-11-17 04:20:00;20.18;44.90;1.63;2.63;0;
2021-11-17 04:15:00;20.22;44.92;1.71;2.71;0;
2021-11-17 04:10:00;20.19;44.97;1.63;2.63;0;
2021-11-17 04:05:00;20.23;45.04;2.00;3.00;0;
2021-11-17 04:00:00;20.23;45.14;1.86;2.86;0;
2021-11-17 03:55:00;20.26;45.22;1.88;2.88;0;
2021-11-17 03:50:00;20.28;45.13;2.13;3.13;0;
2021-11-17 03:45:00;20.29;45.20;1.86;2.86;0;
2021-11-17 03:40:00;20.33;45.20;2.00;3.00;0;
2021-11-17 03:35:00;20.33;45.16;2.00;3.00;0;
2021-11-17 03:30:00;20.38;45.21;2.14;3.14;0;
2021-11-17 03:25:00;20.38;45.11;2.00;3.00;0;
2021-11-17 03:20:00;20.40;45.08;2.14;3.14;0;
2021-11-17 03:15:00;20.42;45.08;2.13;3.13;0;
2021-11-17 03:10:00;20.44;45.01;2.13;3.13;0;
2021-11-17 03:05:00;20.49;44.92;2.14;3.14;0;
2021-11-17 03:00:00;20.51;44.93;2.25;3.25;0;
2021-11-17 02:55:00;20.51;44.81;2.13;3.13;0;
2021-11-17 02:50:00;20.55;44.79;2.57;3.57;0;
2021-11-17 02:45:00;20.57;44.72;2.50;3.50;0;
2021-11-17 02:40:00;20.59;44.74;2.63;3.63;0;
2021-11-17 02:35:00;20.63;44.72;2.71;3.71;0;
2021-11-17 02:30:00;20.66;44.75;2.38;3.38;0;
2021-11-17 02:25:00;20.68;44.75;2.88;3.88;0;
2021-11-17 02:20:00;20.68;44.73;2.29;3.29;0;
2021-11-17 02:15:00;20.73;44.74;2.75;3.75;0;
2021-11-17 02:10:00;20.75;44.64;2.50;3.50;0;
2021-11-17 02:05:00;20.76;44.68;2.43;3.43;0;
2021-11-17 02:00:00;20.81;44.84;2.50;3.50;0;
2021-11-17 01:55:00;20.80;44.73;2.57;3.57;0;
2021-11-17 01:50:00;20.84;44.76;2.75;3.75;0;
2021-11-17 01:45:00;20.86;44.72;2.75;3.75;0;
2021-11-17 01:40:00;20.90;44.67;3.14;4.14;0;
2021-11-17 01:35:00;20.94;44.64;2.88;3.88;0;
2021-11-17 01:30:00;20.96;44.68;3.13;4.13;0;
2021-11-17 01:25:00;20.96;44.62;3.29;4.29;0;
2021-11-17 01:20:00;20.99;44.59;3.13;4.13;0;
2021-11-17 01:15:00;21.00;44.60;3.13;4.13;0;
2021-11-17 01:10:00;21.03;44.65;3.29;4.29;0;
2021-11-17 01:05:00;21.04;44.55;3.50;4.50;0;
2021-11-17 01:00:00;21.11;44.60;3.25;4.25;0;
2021-11-17 00:55:00;21.13;44.50;3.57;4.57;0;
2021-11-17 00:50:00;21.17;44.48;3.75;4.75;0;
2021-11-17 00:45:00;21.19;44.57;4.13;5.13;0.61;
2021-11-17 00:40:00;21.21;44.62;3.43;4.43;2.41;
2021-11-17 00:35:00;21.25;44.60;3.75;4.75;2.12;
2021-11-17 00:30:00;21.26;44.57;3.88;4.88;4.50;
2021-11-17 00:25:00;21.30;44.65;4.43;5.43;4.90;
2021-11-17 00:20:00;21.32;44.62;4.38;5.38;6.79;
2021-11-17 00:15:00;21.38;44.63;4.29;5.29;6.81;
2021-11-17 00:10:00;21.43;44.57;4.13;5.13;9.38;
2021-11-17 00:05:00;21.44;44.61;4.50;5.50;9.97;
2021-11-17 00:00:00;21.47;44.67;4.71;5.71;10.83;
2021-11-16 23:55:00;21.48;44.73;5.13;6.13;11.49;
2021-11-16 23:50:00;21.54;44.76;4.75;5.75;14.03;
2021-11-16 23:45:00;21.54;44.84;5.00;6.00;15.20;
2021-11-16 23:40:00;21.60;44.90;4.75;5.75;15.90;
2021-11-16 23:35:00;21.61;44.90;5.13;6.13;16.55;
2021-11-16 23:30:00;21.64;44.89;5.29;6.29;17.07;
2021-11-16 23:25:00;21.67;44.83;5.38;6.38;17.98;
2021-11-16 23:20:00;21.72;44.84;5.50;6.50;18.92;
2021-11-16 23:15:00;21.77;44.74;5.29;6.29;18.98;
2021-11-16 23:10:00;21.78;44.68;5.50;6.50;18.33;
2021-11-16 23:05:00;21.81;44.59;4.88;5.88;16.98;
2021-11-16 23:00:00;21.85;44.50;4.86;5.86;18.81;
2021-11-16 22:55:00;21.91;44.49;5.00;6.00;19.15;
2021-11-16 22:50:00;21.96;44.47;4.71;5.71;21.15;
2021-11-16 22:45:00;21.99;44.48;5.00;6.00;21.99;
2021-11-16 22:40:00;22.04;44.51;5.00;6.00;22.00;
2021-11-16 22:35:00;22.08;44.51;5.17;6.29;23.77;
2021-11-16 22:30:00;22.09;44.56;5.50;6.50;25.68;
2021-11-16 22:25:00;22.16;44.62;5.50;6.50;28.57;
2021-11-16 22:20:00;22.22;44.65;5.57;6.57;29.86;
2021-11-16 22:15:00;22.25;44.58;6.00;7.00;30.92;
2021-11-16 22:10:00;22.30;44.55;5.88;6.88;34.27;
2021-11-16 22:05:00;22.35;44.48;6.71;7.71;35.69;
2021-11-16 22:00:00;22.40;44.40;6.00;7.00;37.99;
2021-11-16 21:55:00;22.47;44.23;6.13;7.13;41.02;
2021-11-16 21:50:00;22.53;44.18;6.29;7.29;42.47;
2021-11-16 21:45:00;22.60;44.10;6.38;7.38;44.57;
2021-11-16 21:40:00;22.64;44.12;5.75;6.75;46.62;
2021-11-16 21:35:00;22.69;44.07;5.71;6.71;49.68;
2021-11-16 21:30:00;22.74;43.88;5.63;6.63;53.78;
2021-11-16 21:25:00;22.79;43.74;5.88;6.88;57.87;
2021-11-16 21:20:00;22.86;43.46;6.43;7.43;66.06;
2021-11-16 21:15:00;22.93;43.21;5.88;6.88;71.14;
2021-11-16 21:10:00;22.97;43.02;6.00;7.00;77.75;
2021-11-16 21:05:00;23.02;42.83;5.88;6.88;85.85;
2021-11-16 21:00:00;23.07;42.60;5.75;6.75;91.66;
2021-11-16 20:55:00;23.10;42.41;5.71;6.71;99.62;
2021-11-16 20:50:00;23.15;42.17;5.50;6.50;110.97;
2021-11-16 20:45:00;23.22;41.95;5.13;6.13;143.15;
2021-11-16 20:40:00;23.31;41.61;5.29;6.29;161.41;
2021-11-16 20:35:00;23.35;41.41;5.25;6.25;171.90;
2021-11-16 20:30:00;23.39;41.37;4.88;5.88;182.81;
2021-11-16 20:25:00;23.40;41.22;5.14;6.14;194.23;
2021-11-16 20:20:00;23.52;41.14;4.75;5.75;209.54;
2021-11-16 20:15:00;23.54;41.08;4.38;5.38;216.84;
2021-11-16 20:10:00;23.58;40.93;3.43;4.43;217.76;
2021-11-16 20:05:00;23.70;40.76;4.38;5.38;229.66;
2021-11-16 20:00:00;23.76;40.64;4.75;5.75;240.82;
2021-11-16 19:55:00;23.81;40.55;4.00;5.00;251.14;
2021-11-16 19:50:00;23.87;40.42;4.25;5.25;263.71;
2021-11-16 19:45:00;23.88;40.42;5.00;6.00;285.14;
2021-11-16 19:40:00;23.94;40.42;4.00;5.00;306.88;
2021-11-16 19:35:00;23.96;40.38;4.63;5.63;326.71;
2021-11-16 19:30:00;23.99;40.47;4.29;5.29;354.24;
2021-11-16 19:25:00;24.02;40.49;4.13;5.13;385.65;
2021-11-16 19:20:00;24.03;40.55;4.25;5.25;419.66;
2021-11-16 19:15:00;24.02;40.44;4.17;5.17;415.03;
2021-11-16 19:10:00;24.02;40.63;3.88;4.88;462.55;
2021-11-16 19:05:00;24.01;40.91;3.25;4.25;468.05;
2021-11-16 19:00:00;23.99;40.75;3.43;4.43;471.03;
2021-11-16 18:55:00;23.96;40.76;3.63;4.63;495.78;
2021-11-16 18:50:00;23.92;40.67;3.00;4.00;471.99;
2021-11-16 18:45:00;23.87;40.50;3.43;4.43;461.77;
2021-11-16 18:40:00;23.87;40.53;3.88;4.88;463.92;
2021-11-16 18:35:00;23.87;40.42;3.38;4.38;459.38;
2021-11-16 18:30:00;23.92;40.23;3.00;4.00;454.71;
2021-11-16 18:25:00;23.96;39.93;3.00;4.00;411.06;
2021-11-16 18:20:00;24.01;39.62;3.13;4.13;421.41;
2021-11-16 18:15:00;23.99;39.64;3.43;4.43;432.98;
2021-11-16 18:10:00;24.03;39.55;3.50;4.50;419.33;
2021-11-16 18:05:00;24.07;39.41;3.00;4.00;424.95;
2021-11-16 18:00:00;24.07;39.24;3.88;4.88;422.09;
2021-11-16 17:55:00;24.10;39.06;3.63;4.63;409.57;
2021-11-16 17:50:00;24.14;38.77;4.00;5.00;406.40;
2021-11-16 17:45:00;24.19;38.51;3.88;4.88;408.01;
2021-11-16 17:40:00;24.24;38.57;4.75;5.75;440.87;
2021-11-16 17:35:00;24.27;38.22;4.43;5.43;421.99;
2021-11-16 17:30:00;24.24;38.15;5.13;6.13;414.22;
2021-11-16 17:25:00;24.27;37.95;5.13;6.13;414.28;
2021-11-16 17:20:00;24.25;37.78;5.14;6.14;395.82;
2021-11-16 17:15:00;24.23;37.68;5.25;6.25;397.93;
2021-11-16 17:10:00;24.16;37.79;5.63;6.63;400.45;
2021-11-16 17:05:00;24.05;37.56;6.71;7.71;375.44;
2021-11-16 17:00:00;23.98;37.43;6.00;7.00;360.38;
2021-11-16 16:55:00;23.88;37.27;6.25;7.25;336.92;
2021-11-16 16:50:00;23.79;37.07;6.14;7.14;328.29;
2021-11-16 16:45:00;23.66;36.73;6.50;7.50;274.19;
2021-11-16 16:40:00;23.55;36.21;7.88;8.88;245.54;
2021-11-16 16:35:00;23.48;35.37;7.71;8.71;186.37;
2021-11-16 16:30:00;23.45;34.63;8.88;9.88;152.45;
2021-11-16 16:25:00;23.49;35.53;11.29;12.29;212.48;
2021-11-16 16:20:00;23.50;35.42;12.13;13.13;217.37;
2021-11-16 16:15:00;23.53;35.77;16.75;17.75;233.47;
2021-11-16 16:10:00;23.62;36.17;19.57;20.71;269.92;
2021-11-16 16:05:00;23.65;36.78;21.38;22.38;301.74;
2021-11-16 16:00:00;23.69;37.26;23.50;24.75;304.20;
2021-11-16 15:55:00;23.67;37.19;25.43;27.14;313.11;
2021-11-16 15:50:00;23.70;37.75;28.88;30.75;349.22;
2021-11-16 15:45:00;23.71;37.92;24.13;25.38;334.34;
2021-11-16 15:40:00;23.76;37.85;20.86;22.00;345.38;
2021-11-16 15:35:00;23.85;37.73;17.25;18.25;346.68;
2021-11-16 15:30:00;23.88;37.65;13.38;14.38;337.99;
2021-11-16 15:25:00;23.94;37.55;13.57;14.57;363.40;
2021-11-16 15:20:00;24.02;37.83;12.25;13.25;409.25;
2021-11-16 15:15:00;24.11;38.08;11.13;12.13;445.52;
2021-11-16 15:10:00;24.14;38.63;10.29;11.29;527.58;
2021-11-16 15:05:00;24.14;39.53;9.75;10.75;590.70;
2021-11-16 15:00:00;24.13;40.14;7.88;8.88;686.23;
2021-11-16 14:55:00;24.13;40.16;6.57;7.57;698.38;
2021-11-16 14:50:00;24.15;39.81;6.50;7.50;706.17;
2021-11-16 14:45:00;24.15;39.69;6.57;7.57;701.00;
2021-11-16 14:40:00;24.16;39.63;6.38;7.38;711.23;
2021-11-16 14:35:00;24.23;39.51;5.50;6.50;731.06;
2021-11-16 14:30:00;24.28;39.45;5.43;6.43;753.21;
2021-11-16 14:25:00;24.31;39.42;6.00;7.00;753.90;
2021-11-16 14:20:00;24.31;39.42;5.38;6.38;754.13;
2021-11-16 14:15:00;24.33;39.34;6.00;7.00;760.86;
2021-11-16 14:10:00;24.38;39.34;5.75;6.75;759.14;
2021-11-16 14:05:00;24.42;39.15;5.50;6.50;747.78;
2021-11-16 14:00:00;24.41;39.00;5.71;6.71;719.29;
2021-11-16 13:55:00;24.41;38.78;6.50;7.50;680.83;
2021-11-16 13:50:00;24.42;38.74;7.50;8.50;697.34;
2021-11-16 13:45:00;24.47;38.70;8.14;9.14;692.38;
2021-11-16 13:40:00;24.50;38.70;7.00;8.00;716.53;
2021-11-16 13:35:00;24.54;38.59;8.13;9.13;706.80;
2021-11-16 13:30:00;24.57;38.73;7.71;8.71;745.99;
2021-11-16 13:25:00;24.57;39.12;7.50;8.50;777.78;
2021-11-16 13:20:00;24.54;39.29;8.14;9.14;774.65;
2021-11-16 13:15:00;24.50;39.17;7.63;8.63;771.28;
2021-11-16 13:10:00;24.43;39.28;8.38;9.38;770.04;
2021-11-16 13:05:00;24.43;39.07;8.14;9.14;743.92;
2021-11-16 13:00:00;24.36;39.37;7.00;8.00;770.38;
2021-11-16 12:35:00;23.98;39.25;5.43;6.43;726.23;
